Publication: https://www.sciencedirect.com/science/article/pii/S0304420317300725?via%3Dihub,,,,,,,,,,,,,,,,,,,
,,,,,,,,,,,,,,,,,,,
Cruise,Station,Type,yyyy-mm-dd Thh:mm,Longitude [degrees_east],Latitude [degrees_north],Bot. Depth [m],Depth [m],DGM [pg L-1],HgTot [ng L-1],MeHg [pg L-1],Pres [dbar],Temperature [?C],Salinity [psu],pot.Temperature [?C],Sigma,Oxygen [ml/l],OxygSat [proz],Transmission [proz],Fluorometer [V]
Antarctica 2013,519-1,B,2013-08-17 13:16,-51.73777778,-52.32361111,2759,1000,106.1560976,,,1019,2.6435,34.4436,2.5771,1027.4784,5.6,74.2,96.38,0.099
Antarctica 2013,519-1,B,2013-08-17 13:16,-51.73777778,-52.32361111,2759,900,106.2627907,,,910,2.8518,34.396,2.7919,1027.4216,5.83,77.6,96.38,0.095
Antarctica 2013,519-1,B,2013-08-17 13:16,-51.73777778,-52.32361111,2759,800,102.0512195,,,809,2.9072,34.3322,2.8543,1027.3651,6.2,82.7,96.38,0.099
Antarctica 2013,519-1,B,2013-08-17 13:16,-51.73777778,-52.32361111,2759,725,91.92857143,,,733,2.794,34.2474,2.7473,1027.3068,7.02,93.4,96.35,0.098
Antarctica 2013,519-1,B,2013-08-17 13:16,-51.73777778,-52.32361111,2759,700,90.39512195,,,708,2.7913,34.2305,2.7464,1027.2934,6.97,92.7,96.35,0.099
Antarctica 2013,519-1,B,2013-08-17 13:16,-51.73777778,-52.32361111,2759,600,75.53571429,,,607,3.082,34.1918,3.0426,1027.236,7.55,101,96.33,0.099
Antarctica 2013,519-1,B,2013-08-17 13:16,-51.73777778,-52.32361111,2759,500,74.65609756,,,505,3.498,34.1824,3.464,1027.1891,7.71,104.3,96.35,0.094
Antarctica 2013,519-1,B,2013-08-17 13:16,-51.73777778,-52.32361111,2759,470,55.99285714,,,475,3.2451,34.1198,3.2142,1027.1628,8.38,112.6,96.3,0.099
Antarctica 2013,519-1,B,2013-08-17 13:16,-51.73777778,-52.32361111,2759,450,,,,455,3.4086,34.1184,3.3785,1027.1462,8.41,113.4,96.3,0.099
Antarctica 2013,519-1,B,2013-08-17 13:16,-51.73777778,-52.32361111,2759,400,51,,,404,3.652,34.1159,3.6246,1027.1205,8.43,114.4,96.3,0.095
Antarctica 2013,519-1,B,2013-08-17 13:16,-51.73777778,-52.32361111,2759,350,47.07529412,,,354,3.9921,34.1248,3.9673,1027.0933,8.45,115.6,96.3,0.097
Antarctica 2013,519-1,B,2013-08-17 13:16,-51.73777778,-52.32361111,2759,300,27.98571429,,,303,3.9709,34.0822,3.9499,1027.0611,9.15,125.2,96.14,0.096
Antarctica 2013,519-1,B,2013-08-17 13:16,-51.73777778,-52.32361111,2759,250,20.29285714,,,253,4.1009,34.0883,4.0832,1027.0523,9.21,126.3,96.09,0.13
Antarctica 2013,519-1,B,2013-08-17 13:16,-51.73777778,-52.32361111,2759,200,21.78409091,,,202,4.1568,34.0864,4.1426,1027.0447,9.29,127.7,95.84,0.16
Antarctica 2013,519-1,B,2013-08-17 13:16,-51.73777778,-52.32361111,2759,150,19.4625,,,152,4.1545,34.085,4.1439,1027.0434,9.32,128,95.74,0.16
Antarctica 2013,519-1,B,2013-08-17 13:16,-51.73777778,-52.32361111,2759,120,21.49772727,,,122,4.1818,34.0864,4.1733,1027.0415,9.34,128.4,95.69,0.16
Antarctica 2013,519-1,B,2013-08-17 13:16,-51.73777778,-52.32361111,2759,106,18.17349398,,,107,4.1965,34.0871,4.189,1027.0404,9.37,128.8,95.66,0.16
Antarctica 2013,519-1,B,2013-08-17 13:16,-51.73777778,-52.32361111,2759,80,15.49285714,,,81,4.2177,34.0891,4.2121,1027.0395,9.33,128.4,95.64,0.158
Antarctica 2013,519-1,B,2013-08-17 13:16,-51.73777778,-52.32361111,2759,60,15.45,,,61,4.2167,34.089,4.2125,1027.0394,9.35,128.7,95.64,0.172
Antarctica 2013,519-1,B,2013-08-17 13:16,-51.73777778,-52.32361111,2759,40,17.13333333,,,40,4.2178,34.0893,4.215,1027.0393,9.38,129,95.62,0.16
Antarctica 2013,519-1,B,2013-08-17 13:16,-51.73777778,-52.32361111,2759,40,19.13571429,,,40,4.2178,34.0893,4.215,1027.0393,9.38,129,95.62,0.16
Antarctica 2013,519-1,B,2013-08-17 13:16,-51.73777778,-52.32361111,2759,20,16.07142857,,,21,4.2151,34.0893,4.2136,1027.0395,9.39,129.2,95.61,0.16
Antarctica 2013,519-1,B,2013-08-17 13:16,-51.73777778,-52.32361111,2759,10,11.10681818,,,11,4.2161,34.0893,4.2153,1027.0394,9.37,128.9,95.61,0.16
Antarctica 2013,519-1,B,2013-08-17 13:16,-51.73777778,-52.32361111,2759,10,11.90930233,,,11,4.2161,34.0893,4.2153,1027.0394,9.37,128.9,95.61,0.16
Antarctica 2013,521-1,B,2013-08-17 20:46,-50.24138889,-52.34027778,3031.8,1000,105.5571429,,,1012,2.605,34.4408,2.5394,1027.4794,5.67,75.1,96.32,0.077
Antarctica 2013,521-1,B,2013-08-17 20:46,-50.24138889,-52.34027778,3031.8,900,102.8785714,,,900,2.7555,34.3846,2.697,1027.4208,5.94,79,96.32,0.097
Antarctica 2013,521-1,B,2013-08-17 20:46,-50.24138889,-52.34027778,3031.8,800,101.1767442,,,809,2.7878,34.3224,2.7357,1027.3677,6.38,84.8,96.32,0.099
Antarctica 2013,521-1,B,2013-08-17 20:46,-50.24138889,-52.34027778,3031.8,700,86.4225,,,708,2.6841,34.2354,2.6398,1027.3065,7.1,94.1,96.29,0.069
Antarctica 2013,521-1,B,2013-08-17 20:46,-50.24138889,-52.34027778,3031.8,600,74.45647059,,,607,2.7031,34.1641,2.6656,1027.2473,7.84,103.9,96.27,0.099
Antarctica 2013,521-1,B,2013-08-17 20:46,-50.24138889,-52.34027778,3031.8,520,65.03023256,,,526,2.8376,34.1045,2.8049,1027.1876,8.44,112.3,96.22,0.099
Antarctica 2013,521-1,B,2013-08-17 20:46,-50.24138889,-52.34027778,3031.8,500,65.06896552,,,506,3.4717,34.1731,3.4377,1027.1842,7.83,105.9,96.29,0.099
Antarctica 2013,521-1,B,2013-08-17 20:46,-50.24138889,-52.34027778,3031.8,450,66.51428571,,,455,3.5533,34.1454,3.5226,1027.1539,8.12,109.9,96.27,0.099
Antarctica 2013,521-1,B,2013-08-17 20:46,-50.24138889,-52.34027778,3031.8,400,52.95348837,,,404,3.6647,34.1116,3.6373,1027.1158,8.48,115.1,96.25,0.099
Antarctica 2013,521-1,B,2013-08-17 20:46,-50.24138889,-52.34027778,3031.8,350,31.15714286,,,354,3.3926,34.0426,3.3695,1027.0866,9.29,125.2,96.04,0.116
Antarctica 2013,521-1,B,2013-08-17 20:46,-50.24138889,-52.34027778,3031.8,300,18.63658537,,,303,3.5631,34.046,3.5431,1027.0727,9.35,126.5,96.01,0.099
Antarctica 2013,521-1,B,2013-08-17 20:46,-50.24138889,-52.34027778,3031.8,250,17.89772727,,,253,3.9938,34.0942,3.9763,1027.068,8.91,121.9,96.13,0.099
Antarctica 2013,521-1,B,2013-08-17 20:46,-50.24138889,-52.34027778,3031.8,200,33.8625,,,202,4.3118,34.1067,4.2974,1027.0445,8.91,122.9,96.13,0.118
Antarctica 2013,521-1,B,2013-08-17 20:46,-50.24138889,-52.34027778,3031.8,180,18.7902439,,,182,4.1734,34.0739,4.1606,1027.0329,9.3,127.9,95.66,0.16
Antarctica 2013,521-1,B,2013-08-17 20:46,-50.24138889,-52.34027778,3031.8,150,18.73255814,,,152,4.4004,34.0753,4.3895,1027.0097,9.39,129.7,95.33,0.221
Antarctica 2013,521-1,B,2013-08-17 20:46,-50.24138889,-52.34027778,3031.8,120,12.94285714,,,122,4.4271,34.0744,4.4184,1027.0059,9.44,130.5,95.23,0.191
Antarctica 2013,521-1,B,2013-08-17 20:46,-50.24138889,-52.34027778,3031.8,100,11.79,,,101,4.4281,34.0742,4.4209,1027.0055,9.45,130.6,95.21,0.211
Antarctica 2013,521-1,B,2013-08-17 20:46,-50.24138889,-52.34027778,3031.8,60,10.1195122,,,61,4.4241,34.0735,4.4198,1027.0051,9.47,130.9,95.11,0.209
Antarctica 2013,521-1,B,2013-08-17 20:46,-50.24138889,-52.34027778,3031.8,40,11.18863636,,,41,4.4235,34.0736,4.4206,1027.005,9.45,130.6,95.07,0.191
Antarctica 2013,521-1,B,2013-08-17 20:46,-50.24138889,-52.34027778,3031.8,20,12.3,,,,4.4219,34.0737,4.4205,1027.0051,9.42,130.3,95.06,0.214
Antarctica 2013,521-1,B,2013-08-17 20:46,-50.24138889,-52.34027778,3031.8,10,9.043902439,,,,4.4226,34.0737,4.4219,1027.005,9.43,130.4,95.08,0.228
Antarctica 2013,521-1,B,2013-08-17 20:46,-50.24138889,-52.34027778,3031.8,5,8.539534884,,,,4.4226,34.0737,4.4219,1027.005,9.43,130.4,95.08,0.228
Antarctica 2013,526-1,B,2013-08-18 15:16,-46.50277778,-52.30277778,3268.5,1000,101.2725,,,1012,2.0132,34.6756,1.952,1027.7156,5.35,69.9,96.25,0.099
Antarctica 2013,526-1,B,2013-08-18 15:16,-46.50277778,-52.30277778,3268.5,900,103.0390244,,,910,2.1151,34.6553,2.0601,1027.6907,5.3,69.4,96.25,0.099
Antarctica 2013,526-1,B,2013-08-18 15:16,-46.50277778,-52.30277778,3268.5,900,104.4,,,910,2.1151,34.6553,2.0601,1027.6907,5.3,69.4,96.25,0.099
Antarctica 2013,526-1,B,2013-08-18 15:16,-46.50277778,-52.30277778,3268.5,800,100.7795455,,,809,2.1689,34.6246,2.1203,1027.6613,5.28,69.2,96.25,0.099
Antarctica 2013,526-1,B,2013-08-18 15:16,-46.50277778,-52.30277778,3268.5,700,105.4071429,,,708,2.2394,34.5802,2.1971,1027.6195,5.29,69.5,96.22,0.099
Antarctica 2013,526-1,B,2013-08-18 15:16,-46.50277778,-52.30277778,3268.5,600,112.2365854,,,607,2.3078,34.5259,2.2718,1027.5699,5.39,70.8,96.2,0.099
Antarctica 2013,526-1,B,2013-08-18 15:16,-46.50277778,-52.30277778,3268.5,500,107.6931818,,,505,2.3507,34.4653,2.3211,1027.5173,5.59,73.6,96.12,0.099
Antarctica 2013,526-1,B,2013-08-18 15:16,-46.50277778,-52.30277778,3268.5,400,108.8790698,,,404,2.3209,34.3842,2.2977,1027.4544,6.06,79.7,96.16,0.099
Antarctica 2013,526-1,B,2013-08-18 15:16,-46.50277778,-52.30277778,3268.5,350,119.344186,,,354,2.2847,34.3398,2.2646,1027.4216,6.37,83.7,96.19,0.099
Antarctica 2013,526-1,B,2013-08-18 15:16,-46.50277778,-52.30277778,3268.5,300,96.68571429,,,303,2.1799,34.2765,2.1631,1027.3791,6.88,90,96.18,0.099
Antarctica 2013,526-1,B,2013-08-18 15:16,-46.50277778,-52.30277778,3268.5,250,88.60909091,,,253,1.9948,34.2009,1.9813,1027.3329,7.54,98.2,96.17,0.099
Antarctica 2013,526-1,B,2013-08-18 15:16,-46.50277778,-52.30277778,3268.5,200,72.81,,,202,1.7241,34.1087,1.7139,1027.2792,8.51,110,96.12,0.099
Antarctica 2013,526-1,B,2013-08-18 15:16,-46.50277778,-52.30277778,3268.5,180,61.17906977,,,182,1.8297,34.093,1.8204,1027.2587,8.63,111.8,96.1,0.099
Antarctica 2013,526-1,B,2013-08-18 15:16,-46.50277778,-52.30277778,3268.5,160,54.0627907,,,162,1.673,34.0335,1.665,1027.2225,9.26,119.5,95.99,0.099
Antarctica 2013,526-1,B,2013-08-18 15:16,-46.50277778,-52.30277778,3268.5,150,44.23764706,,,152,1.5061,33.944,1.4988,1027.1627,9.6,123.2,95.79,0.13
Antarctica 2013,526-1,B,2013-08-18 15:16,-46.50277778,-52.30277778,3268.5,120,21.375,,,122,1.3589,33.8377,1.3533,1027.0875,10.21,130.5,94.93,0.191
Antarctica 2013,526-1,B,2013-08-18 15:16,-46.50277778,-52.30277778,3268.5,100,13.18604651,,,101,1.3724,33.8367,1.3677,1027.0857,10.24,130.9,94.75,0.221
Antarctica 2013,526-1,B,2013-08-18 15:16,-46.50277778,-52.30277778,3268.5,80,10.56976744,,,81,1.3712,33.8368,1.3675,1027.0858,10.21,130.5,94.65,0.19
Antarctica 2013,526-1,B,2013-08-18 15:16,-46.50277778,-52.30277778,3268.5,60,12.10714286,,,61,1.3721,33.837,1.3693,1027.0858,10.23,130.8,94.75,0.201
Antarctica 2013,526-1,B,2013-08-18 15:16,-46.50277778,-52.30277778,3268.5,40,12.00705882,,,41,1.3765,33.8369,1.3746,1027.0854,10.27,131.2,94.67,0.223
Antarctica 2013,526-1,B,2013-08-18 15:16,-46.50277778,-52.30277778,3268.5,20,15.34285714,,,21,1.3795,33.8369,1.3785,1027.0851,10.25,131.1,94.7,0.173
Antarctica 2013,526-1,B,2013-08-18 15:16,-46.50277778,-52.30277778,3268.5,3,11.74390244,,,9,1.381,33.8371,1.3806,1027.0851,10.23,130.8,94.69,0.16
Antarctica 2013,527-1,B,2013-08-22 10:38,-45.75472222,-52.2975,3468,1000,99.42352941,,,1012,2.0568,34.6726,1.9952,1027.7098,5.32,69.6,96.41,0.069
Antarctica 2013,527-1,B,2013-08-22 10:38,-45.75472222,-52.2975,3468,900,102.6,,,910,2.133,34.6491,2.0779,1027.6843,5.25,68.9,96.4,0.069
Antarctica 2013,527-1,B,2013-08-22 10:38,-45.75472222,-52.2975,3468,800,104.7857143,,,809,2.2042,34.6204,2.1554,1027.6551,5.24,68.7,96.4,0.069
Antarctica 2013,527-1,B,2013-08-22 10:38,-45.75472222,-52.2975,3468,700,105.0069767,,,708,2.2724,34.5904,2.2299,1027.625,5.23,68.8,96.4,0.069
Antarctica 2013,527-1,B,2013-08-22 10:38,-45.75472222,-52.2975,3468,600,108.9837209,,,607,2.3001,34.5424,2.2641,1027.5837,5.34,70.2,96.35,0.069
Antarctica 2013,527-1,B,2013-08-22 10:38,-45.75472222,-52.2975,3468,500,101.146988,,,505,2.348,34.476,2.3184,1027.5261,5.55,73,96.36,0.069
Antarctica 2013,527-1,B,2013-08-22 10:38,-45.75472222,-52.2975,3468,400,105.6857143,,,404,2.2536,34.3898,2.2306,1027.4644,6.05,79.4,96.29,0.069
Antarctica 2013,527-1,B,2013-08-22 10:38,-45.75472222,-52.2975,3468,350,161.6860465,,,354,2.1911,34.3537,2.1713,1027.4402,6.28,82.3,96.3,0.069
Antarctica 2013,527-1,B,2013-08-22 10:38,-45.75472222,-52.2975,3468,300,98.05714286,,,303,2.2097,34.306,2.1929,1027.4003,6.58,86.2,96.32,0.069
Antarctica 2013,527-1,B,2013-08-22 10:38,-45.75472222,-52.2975,3468,250,90.57857143,,,253,1.915,34.2157,1.9017,1027.3509,7.42,96.4,96.31,0.069
Antarctica 2013,527-1,B,2013-08-22 10:38,-45.75472222,-52.2975,3468,200,70.9902439,,,202,1.5276,34.1112,1.5177,1027.2955,8.37,107.6,96.19,0.058
Antarctica 2013,527-1,B,2013-08-22 10:38,-45.75472222,-52.2975,3468,150,48.83571429,,,152,1.3545,33.9595,1.3474,1027.1857,9.6,122.8,95.96,0.088
Antarctica 2013,527-1,B,2013-08-22 10:38,-45.75472222,-52.2975,3468,120,27.34772727,,,122,1.3054,33.84,1.2998,1027.093,10.17,129.8,95.47,0.138
Antarctica 2013,527-1,B,2013-08-22 10:38,-45.75472222,-52.2975,3468,100,15.91463415,,,101,1.3491,33.8357,1.3445,1027.0865,10.24,130.8,95.21,0.15
Antarctica 2013,527-1,B,2013-08-22 10:38,-45.75472222,-52.2975,3468,80,14.42093023,,,81,1.2829,33.8228,1.2792,1027.0806,10.27,131,94.85,0.191
Antarctica 2013,527-1,B,2013-08-22 10:38,-45.75472222,-52.2975,3468,60,11.4804878,,,61,1.2761,33.8199,1.2734,1027.0786,10.32,131.5,94.73,0.191
Antarctica 2013,527-1,B,2013-08-22 10:38,-45.75472222,-52.2975,3468,40,13.54390244,,,41,1.2746,33.8196,1.2728,1027.0784,10.34,131.8,94.7,0.191
Antarctica 2013,527-1,B,2013-08-22 10:38,-45.75472222,-52.2975,3468,40,9.636585366,,,41,1.2746,33.8196,1.2728,1027.0784,10.34,131.8,94.7,0.191
Antarctica 2013,527-1,B,2013-08-22 10:38,-45.75472222,-52.2975,3468,20,8.034146341,,,21,1.2746,33.8201,1.2737,1027.0787,10.33,131.7,94.66,0.187
Antarctica 2013,527-1,B,2013-08-22 10:38,-45.75472222,-52.2975,3468,10,8.626829268,,,10,1.2715,33.8209,1.2711,1027.0796,10.28,131.1,94.65,0.191
Antarctica 2013,527-1,B,2013-08-22 10:38,-45.75472222,-52.2975,3468,6,5.4,,,6,1.2797,33.8214,1.2794,1027.0794,10.3,131.3,94.66,0.196
Antarctica 2013,528-1,B,2013-08-22 16:26,-45.01055556,-52.29111111,3310.5,1000,99.3686747,,,1012,2.2395,34.6338,2.1765,1027.6641,5.19,68.2,96.41,0.071
Antarctica 2013,528-1,B,2013-08-22 16:26,-45.01055556,-52.29111111,3310.5,900,108.627907,,,910,2.3075,34.6062,2.2512,1027.6359,5.19,68.3,96.38,0.069
Antarctica 2013,528-1,B,2013-08-22 16:26,-45.01055556,-52.29111111,3310.5,800,106.2,,,809,2.3843,34.5759,2.3344,1027.6047,5.21,68.6,96.38,0.069
Antarctica 2013,528-1,B,2013-08-22 16:26,-45.01055556,-52.29111111,3310.5,700,108.1536585,,,708,2.4053,34.536,2.3622,1027.5705,5.29,69.7,96.38,0.069
Antarctica 2013,528-1,B,2013-08-22 16:26,-45.01055556,-52.29111111,3310.5,600,103.2488372,,,607,2.5003,34.4892,2.4634,1027.5245,5.41,71.5,96.38,0.069
Antarctica 2013,528-1,B,2013-08-22 16:26,-45.01055556,-52.29111111,3310.5,500,101.4906977,,,505,2.5846,34.4261,2.554,1027.4663,5.73,75.8,96.34,0.069
Antarctica 2013,528-1,B,2013-08-22 16:26,-45.01055556,-52.29111111,3310.5,400,103.275,,,404,2.579,34.3373,2.555,1027.3953,6.25,82.6,96.34,0.069
Antarctica 2013,528-1,B,2013-08-22 16:26,-45.01055556,-52.29111111,3310.5,350,93.18987342,,,354,2.2898,34.2672,2.2698,1027.363,6.86,90,96.3,0.072
Antarctica 2013,528-1,B,2013-08-22 16:26,-45.01055556,-52.29111111,3310.5,300,89.91627907,,,303,2.1671,34.2102,2.1504,1027.327,7.47,97.7,96.26,0.069
Antarctica 2013,528-1,B,2013-08-22 16:26,-45.01055556,-52.29111111,3310.5,250,66.16046512,,,253,1.8027,34.1227,1.7897,1027.2848,8.19,106.1,96.23,0.069
Antarctica 2013,528-1,B,2013-08-22 16:26,-45.01055556,-52.29111111,3310.5,200,58.80681818,,,202,1.9502,34.0972,1.9396,1027.253,8.36,108.6,96.2,0.069
Antarctica 2013,528-1,B,2013-08-22 16:26,-45.01055556,-52.29111111,3310.5,160,51.47560976,,,162,1.9552,34.0496,1.9468,1027.2143,8.78,114.1,96.12,0.069
Antarctica 2013,528-1,B,2013-08-22 16:26,-45.01055556,-52.29111111,3310.5,150,47.93023256,,,152,2.2498,34.0581,2.2416,1027.198,8.81,115.4,96.08,0.07
Antarctica 2013,528-1,B,2013-08-22 16:26,-45.01055556,-52.29111111,3310.5,120,13.185,,,122,2.4211,33.8771,2.4144,1027.039,9.9,130,95.33,0.145
Antarctica 2013,528-1,B,2013-08-22 16:26,-45.01055556,-52.29111111,3310.5,100,11.19310345,,,101,2.4845,33.8631,2.4789,1027.0225,10,131.6,94.74,0.191
Antarctica 2013,528-1,B,2013-08-22 16:26,-45.01055556,-52.29111111,3310.5,80,8.692682927,,,81,2.4566,33.8553,2.4521,1027.0185,10.02,131.8,94.48,0.207
Antarctica 2013,528-1,B,2013-08-22 16:26,-45.01055556,-52.29111111,3310.5,60,9.578571429,,,61,2.4562,33.8554,2.4529,1027.0185,10.06,132.3,94.49,0.237
Antarctica 2013,528-1,B,2013-08-22 16:26,-45.01055556,-52.29111111,3310.5,40,10.51034483,,,41,2.4543,33.8554,2.4521,1027.0185,10.04,132,94.45,0.312
Antarctica 2013,528-1,B,2013-08-22 16:26,-45.01055556,-52.29111111,3310.5,20,3.202325581,,,20,2.4607,33.8562,2.4596,1027.0185,10.05,132.1,94.36,0.191
Antarctica 2013,528-1,B,2013-08-22 16:26,-45.01055556,-52.29111111,3310.5,10,2.941463415,,,10,2.4627,33.8566,2.4622,1027.0187,10.05,132.1,94.37,0.16
Antarctica 2013,528-1,B,2013-08-22 16:26,-45.01055556,-52.29111111,3310.5,5,3.007317073,,,5,2.4649,33.8563,2.4646,1027.0182,10.04,132.1,94.36,0.16
Antarctica 2013,532-1,B,2013-08-23 14:46,-41.99944444,-52.25,3487.6,1000,96.3,,,1012,1.8852,34.692,1.825,1027.7386,5.45,71,96.35,0.099
Antarctica 2013,532-1,B,2013-08-23 14:46,-41.99944444,-52.25,3487.6,900,102.9886364,,,910,1.9607,34.6789,1.9068,1027.7217,5.4,70.5,96.33,0.099
Antarctica 2013,532-1,B,2013-08-23 14:46,-41.99944444,-52.25,3487.6,800,99.69545455,,,809,2.0419,34.6602,1.9941,1027.6999,5.35,70,96.27,0.099
Antarctica 2013,532-1,B,2013-08-23 14:46,-41.99944444,-52.25,3487.6,700,155.61,,,708,2.1323,34.6319,2.0906,1027.6695,5.28,69.2,96.28,0.099
Antarctica 2013,532-1,B,2013-08-23 14:46,-41.99944444,-52.25,3487.6,600,108.7977273,,,607,2.1873,34.5978,2.1518,1027.6373,5.28,69.3,96.25,0.097
Antarctica 2013,532-1,B,2013-08-23 14:46,-41.99944444,-52.25,3487.6,500,104.7438202,,,505,2.2913,34.5599,2.2618,1027.598,5.3,69.7,96.3,0.099
Antarctica 2013,532-1,B,2013-08-23 14:46,-41.99944444,-52.25,3487.6,400,110.9357143,,,404,2.282,34.5018,2.2588,1027.5517,5.5,72.3,96.23,0.099
Antarctica 2013,532-1,B,2013-08-23 14:46,-41.99944444,-52.25,3487.6,350,105.1875,,,354,2.2584,34.4612,2.2383,1027.5208,5.72,75.1,96.19,0.099
Antarctica 2013,532-1,B,2013-08-23 14:46,-41.99944444,-52.25,3487.6,300,131.6195122,,,303,2.2017,34.3956,2.1848,1027.4727,6.03,79,96.18,0.098
Antarctica 2013,532-1,B,2013-08-23 14:46,-41.99944444,-52.25,3487.6,250,100.6568182,,,253,2.1543,34.3417,2.1404,1027.4332,6.36,83.2,96.14,0.099
Antarctica 2013,532-1,B,2013-08-23 14:46,-41.99944444,-52.25,3487.6,225,102.3488372,,,227,2.0921,34.307,2.0798,1027.4101,6.58,86,96.13,0.082
Antarctica 2013,532-1,B,2013-08-23 14:46,-41.99944444,-52.25,3487.6,200,86.87142857,,,202,1.9346,34.262,1.924,1027.3863,6.97,90.6,95.88,0.097
Antarctica 2013,532-1,B,2013-08-23 14:46,-41.99944444,-52.25,3487.6,150,12.26511628,,,152,1.6462,34.1418,1.6387,1027.3114,7.67,98.9,94.84,0.099
Antarctica 2013,532-1,B,2013-08-23 14:46,-41.99944444,-52.25,3487.6,120,59.80714286,,,122,1.1564,33.886,1.151,1027.1398,9.76,124.2,95.21,0.13
Antarctica 2013,532-1,B,2013-08-23 14:46,-41.99944444,-52.25,3487.6,100,6.563414634,,,101,1.091,33.8312,1.0866,1027.1,10.18,129.2,94.87,0.163
Antarctica 2013,532-1,B,2013-08-23 14:46,-41.99944444,-52.25,3487.6,80,6.878571429,,,81,1.1119,33.8287,1.1084,1027.0966,10.21,129.7,94.66,0.183
Antarctica 2013,532-1,B,2013-08-23 14:46,-41.99944444,-52.25,3487.6,60,27,,,61,1.1441,33.8275,1.1414,1027.0935,10.25,130.2,94.52,0.191
Antarctica 2013,532-1,B,2013-08-23 14:46,-41.99944444,-52.25,3487.6,40,18.04285714,,,41,1.2605,33.8234,1.2587,1027.0824,10.24,130.6,94.5,0.188
Antarctica 2013,532-1,B,2013-08-23 14:46,-41.99944444,-52.25,3487.6,20,11.8097561,,,21,1.2631,33.8231,1.2622,1027.0819,10.3,131.2,94.51,0.191
Antarctica 2013,532-1,B,2013-08-23 14:46,-41.99944444,-52.25,3487.6,10,12.62195122,,,10,1.2616,33.8235,1.2612,1027.0823,10.29,131.2,94.49,0.174
Antarctica 2013,532-1,B,2013-08-23 14:46,-41.99944444,-52.25,3487.6,4,7.388372093,,,5,1.2647,33.8239,1.2645,1027.0824,10.24,130.5,94.47,0.169
Antarctica 2013,533-1,B,2013-08-23 21:34,-41.26527778,-52.26055556,3772,1000,103.2585366,,,1012,1.7998,34.6982,1.7402,1027.7501,5.53,71.8,96.34,0.099
Antarctica 2013,533-1,B,2013-08-23 21:34,-41.26527778,-52.26055556,3772,900,102.3428571,,,910,1.8888,34.6897,1.8354,1027.736,5.46,71.2,96.3,0.099
Antarctica 2013,533-1,B,2013-08-23 21:34,-41.26527778,-52.26055556,3772,800,103.3534884,,,809,1.9849,34.6747,1.9375,1027.716,5.38,70.2,96.3,0.096
Antarctica 2013,533-1,B,2013-08-23 21:34,-41.26527778,-52.26055556,3772,700,101.3651163,,,708,2.0547,34.6521,2.0134,1027.6919,5.32,69.7,96.3,0.099
Antarctica 2013,533-1,B,2013-08-23 21:34,-41.26527778,-52.26055556,3772,600,100.86,,,607,2.1293,34.617,2.0941,1027.6573,5.28,69.1,96.29,0.099
Antarctica 2013,533-1,B,2013-08-23 21:34,-41.26527778,-52.26055556,3772,520,104.3790698,,,526,2.2211,34.5896,2.1906,1027.6276,5.24,68.8,96.25,0.099
Antarctica 2013,533-1,B,2013-08-23 21:34,-41.26527778,-52.26055556,3772,500,110.6142857,,,505,2.2141,34.5841,2.1849,1027.6236,5.25,68.9,96.25,0.099
Antarctica 2013,533-1,B,2013-08-23 21:34,-41.26527778,-52.26055556,3772,450,109.0071429,,,455,2.1968,34.5396,2.1708,1027.5892,5.37,70.5,96.21,0.098
Antarctica 2013,533-1,B,2013-08-23 21:34,-41.26527778,-52.26055556,3772,400,106.5521739,,,404,2.1865,34.5048,2.1636,1027.5619,5.5,72.1,96.08,0.099
Antarctica 2013,533-1,B,2013-08-23 21:34,-41.26527778,-52.26055556,3772,350,110.1,,,354,2.174,34.45,2.1542,1027.5188,5.69,74.6,96.08,0.099
Antarctica 2013,533-1,B,2013-08-23 21:34,-41.26527778,-52.26055556,3772,300,110.5463415,,,303,2.1234,34.3994,2.1067,1027.482,5.97,78.2,95.98,0.099
Antarctica 2013,533-1,B,2013-08-23 21:34,-41.26527778,-52.26055556,3772,250,102.8357143,,,253,2.0685,34.3429,2.0548,1027.4409,6.37,83.2,95.78,0.097
Antarctica 2013,533-1,B,2013-08-23 21:34,-41.26527778,-52.26055556,3772,225,90.24146341,,,227,1.894,34.2924,1.8821,1027.4139,6.64,86.4,95.41,0.099
Antarctica 2013,533-1,B,2013-08-23 21:34,-41.26527778,-52.26055556,3772,200,86.37857143,,,202,1.8086,34.2622,1.7982,1027.396,6.84,88.7,95.12,0.099
Antarctica 2013,533-1,B,2013-08-23 21:34,-41.26527778,-52.26055556,3772,150,73.5,,,152,1.6548,34.1754,1.6473,1027.3377,7.93,102.4,95.35,0.099
Antarctica 2013,533-1,B,2013-08-23 21:34,-41.26527778,-52.26055556,3772,120,51.34390244,,,121,1.2038,33.84,1.1984,1027.0997,10.16,129.4,94.48,0.192
Antarctica 2013,533-1,B,2013-08-23 21:34,-41.26527778,-52.26055556,3772,100,13.2525,,,101,1.1777,33.8205,1.1732,1027.0858,10.22,130,94.3,0.221
Antarctica 2013,533-1,B,2013-08-23 21:34,-41.26527778,-52.26055556,3772,80,11.89285714,,,81,1.1779,33.82,1.1743,1027.0853,10.25,130.4,94.3,0.236
Antarctica 2013,533-1,B,2013-08-23 21:34,-41.26527778,-52.26055556,3772,60,12.2175,,,61,1.1742,33.8196,1.1715,1027.0851,10.24,130.2,94.26,0.214
Antarctica 2013,533-1,B,2013-08-23 21:34,-41.26527778,-52.26055556,3772,40,11.85365854,,,41,1.1656,33.8195,1.1638,1027.0856,10.25,130.3,94.26,0.216
Antarctica 2013,533-1,B,2013-08-23 21:34,-41.26527778,-52.26055556,3772,40,10.77857143,,,41,1.1656,33.8195,1.1638,1027.0856,10.25,130.3,94.26,0.216
Antarctica 2013,533-1,B,2013-08-23 21:34,-41.26527778,-52.26055556,3772,20,12.44634146,,,20,1.1669,33.8197,1.166,1027.0856,10.26,130.4,94.26,0.221
Antarctica 2013,533-1,B,2013-08-23 21:34,-41.26527778,-52.26055556,3772,10,11.45853659,,,16,1.169,33.8204,1.1683,1027.086,10.25,130.3,94.22,0.256
Antarctica 2013,533-1,B,2013-08-23 21:34,-41.26527778,-52.26055556,3772,6,10.09756098,,,16,1.169,33.8204,1.1683,1027.086,10.25,130.3,94.22,0.256
Antarctica 2013,534-1,B,2013-08-24 06:41,-40.55666667,-52.25555556,3796.9,3500,115.2878049,,,3561,0.1309,34.6681,-0.1061,1027.8439,6.86,85.4,96.14,0.099
Antarctica 2013,534-1,B,2013-08-24 06:41,-40.55666667,-52.25555556,3796.9,3000,127.0928571,,,3049,0.3163,34.6748,0.1215,1027.8372,6.7,83.8,96.32,0.099
Antarctica 2013,534-1,B,2013-08-24 06:41,-40.55666667,-52.25555556,3796.9,2500,113.8609756,,,2538,0.5202,34.6831,0.3645,1027.8303,6.52,82,96.33,0.099
Antarctica 2013,534-1,B,2013-08-24 06:41,-40.55666667,-52.25555556,3796.9,2000,106.9071429,,,2028,0.7821,34.694,0.662,1027.8212,6.32,80.1,96.35,0.099
Antarctica 2013,534-1,B,2013-08-24 06:41,-40.55666667,-52.25555556,3796.9,1500,107.7488372,,,1519,1.1977,34.7086,1.1091,1027.8039,6.04,77.3,96.33,0.099
Antarctica 2013,534-1,B,2013-08-24 06:41,-40.55666667,-52.25555556,3796.9,1000,96.45365854,,,1012,1.6942,34.7039,1.6355,1027.7625,5.61,72.8,96.29,0.099
Antarctica 2013,534-1,B,2013-08-24 06:41,-40.55666667,-52.25555556,3796.9,500,115.4831461,,,505,2.0212,34.608,1.9928,1027.6582,5.36,70.1,96.25,0.099
Antarctica 2013,534-1,B,2013-08-24 06:41,-40.55666667,-52.25555556,3796.9,400,102.7714286,,,404,2.0216,34.544,1.9992,1027.6064,5.46,71.3,96.19,0.099
Antarctica 2013,534-1,B,2013-08-24 06:41,-40.55666667,-52.25555556,3796.9,300,106.0714286,,,303,2.076,34.4645,2.0594,1027.538,5.62,73.5,96.07,0.099
Antarctica 2013,534-1,B,2013-08-24 06:41,-40.55666667,-52.25555556,3796.9,250,104.0023256,,,253,1.9323,34.3852,1.9189,1027.4854,6.1,79.4,95.99,0.099
Antarctica 2013,534-1,B,2013-08-24 06:41,-40.55666667,-52.25555556,3796.9,200,94.275,,,202,1.7587,34.3029,1.7484,1027.4324,6.76,87.5,95.94,0.099
Antarctica 2013,534-1,B,2013-08-24 06:41,-40.55666667,-52.25555556,3796.9,175,85.98292683,,,177,1.4724,34.2219,1.4638,1027.3882,7.4,95.1,95.93,0.099
Antarctica 2013,534-1,B,2013-08-24 06:41,-40.55666667,-52.25555556,3796.9,150,73.60714286,,,152,1.4041,34.1327,1.3969,1027.3213,8.24,105.6,95.72,0.099
Antarctica 2013,534-1,B,2013-08-24 06:41,-40.55666667,-52.25555556,3796.9,125,22.64651163,,,127,0.7013,33.9124,0.6961,1027.1897,9.8,123.1,95.39,0.134
Antarctica 2013,534-1,B,2013-08-24 06:41,-40.55666667,-52.25555556,3796.9,100,18,,,101,0.5853,33.8203,0.5813,1027.1224,10.38,130,94.7,0.211
Antarctica 2013,534-1,B,2013-08-24 06:41,-40.55666667,-52.25555556,3796.9,80,16.29,,,81,0.605,33.819,0.6018,1027.1201,10.39,130.1,94.57,0.221
Antarctica 2013,534-1,B,2013-08-24 06:41,-40.55666667,-52.25555556,3796.9,60,11.72142857,,,61,0.7517,33.8159,0.7492,1027.1089,10.36,130.3,94.5,0.225
Antarctica 2013,534-1,B,2013-08-24 06:41,-40.55666667,-52.25555556,3796.9,40,11.50243902,,,41,1.0456,33.812,1.0438,1027.0874,10.37,131.4,94.4,0.229
Antarctica 2013,534-1,B,2013-08-24 06:41,-40.55666667,-52.25555556,3796.9,20,15.32195122,,,20,1.0697,33.8115,1.0688,1027.0853,10.36,131.4,94.41,0.221
Antarctica 2013,534-1,B,2013-08-24 06:41,-40.55666667,-52.25555556,3796.9,10,103.8731707,,,10,1.0603,33.8115,1.0599,1027.0859,10.36,131.3,94.38,0.221
Antarctica 2013,538-2,B,2013-08-26 13:14,-40.31444444,-53.51083333,2121.3,1000,109.6714286,,,1012,1.773,34.6976,1.7136,1027.7516,5.55,72.2,96.19,0.095
Antarctica 2013,538-2,B,2013-08-26 13:14,-40.31444444,-53.51083333,2121.3,900,107.0571429,,,911,1.8652,34.6876,1.8119,1027.7361,5.48,71.3,96.14,0.086
Antarctica 2013,538-2,B,2013-08-26 13:14,-40.31444444,-53.51083333,2121.3,800,105.2590909,,,809,1.9397,34.6735,1.8926,1027.7186,5.42,70.6,96.17,0.084
Antarctica 2013,538-2,B,2013-08-26 13:14,-40.31444444,-53.51083333,2121.3,700,104.2953488,,,708,1.9827,34.6616,1.9418,1027.7051,5.38,70.3,96.18,0.092
Antarctica 2013,538-2,B,2013-08-26 13:14,-40.31444444,-53.51083333,2121.3,600,105.5634146,,,607,2.0502,34.6385,2.0153,1027.6809,5.32,69.6,96.17,0.091
Antarctica 2013,538-2,B,2013-08-26 13:14,-40.31444444,-53.51083333,2121.3,500,113.9707317,,,505,2.0774,34.6108,2.0487,1027.656,5.34,69.9,96.14,0.081
Antarctica 2013,538-2,B,2013-08-26 13:14,-40.31444444,-53.51083333,2121.3,450,112.2545455,,,455,2.0978,34.5941,2.0721,1027.6408,5.35,70.1,96.11,0.093
Antarctica 2013,538-2,B,2013-08-26 13:14,-40.31444444,-53.51083333,2121.3,400,141.5659091,,,404,2.1066,34.5577,2.084,1027.6106,5.4,70.7,96.07,0.084
Antarctica 2013,538-2,B,2013-08-26 13:14,-40.31444444,-53.51083333,2121.3,350,110.8928571,,,353,2.1383,34.5156,2.1186,1027.5741,5.49,71.8,96.04,0.1
Antarctica 2013,538-2,B,2013-08-26 13:14,-40.31444444,-53.51083333,2121.3,300,113.4219512,,,303,2.123,34.4822,2.1063,1027.5484,5.64,73.8,95.64,0.088
Antarctica 2013,538-2,B,2013-08-26 13:14,-40.31444444,-53.51083333,2121.3,250,104.2714286,,,253,1.9963,34.4027,1.9827,1027.4945,6.06,79,95.77,0.073
Antarctica 2013,538-2,B,2013-08-26 13:14,-40.31444444,-53.51083333,2121.3,225,100.0928571,,,227,1.9583,34.3753,1.9463,1027.4754,6.39,83.2,95.55,0.09
Antarctica 2013,538-2,B,2013-08-26 13:14,-40.31444444,-53.51083333,2121.3,200,93.55714286,,,202,1.7842,34.2731,1.7739,1027.4066,6.92,89.6,95.12,0.081
Antarctica 2013,538-2,B,2013-08-26 13:14,-40.31444444,-53.51083333,2121.3,175,72.73255814,,,177,1.6164,34.1763,1.6077,1027.3413,7.58,97.7,95.08,0.081
Antarctica 2013,538-2,B,2013-08-26 13:14,-40.31444444,-53.51083333,2121.3,150,60.32093023,,,152,1.2159,34.0428,1.209,1027.262,8.71,111.1,95.52,0.1
Antarctica 2013,538-2,B,2013-08-26 13:14,-40.31444444,-53.51083333,2121.3,125,29.1,,,126,0.7616,33.8579,0.7564,1027.1422,10.18,128.1,95.23,0.177
Antarctica 2013,538-2,B,2013-08-26 13:14,-40.31444444,-53.51083333,2121.3,100,26.55,,,101,0.7472,33.8366,0.7431,1027.1258,10.38,130.5,94.54,0.204
Antarctica 2013,538-2,B,2013-08-26 13:14,-40.31444444,-53.51083333,2121.3,80,14.00487805,,,81,0.7637,33.8308,0.7604,1027.1202,10.44,131.3,94.4,0.208
Antarctica 2013,538-2,B,2013-08-26 13:14,-40.31444444,-53.51083333,2121.3,60,13.75714286,,,61,0.7724,33.8284,0.7699,1027.1177,10.44,131.4,94.39,0.209
Antarctica 2013,538-2,B,2013-08-26 13:14,-40.31444444,-53.51083333,2121.3,40,15.57,,,40,0.7768,33.8278,0.7752,1027.1169,10.42,131.1,94.35,0.214
Antarctica 2013,538-2,B,2013-08-26 13:14,-40.31444444,-53.51083333,2121.3,20,18.25714286,,,20,0.7806,33.8276,0.7798,1027.1165,10.42,131.2,94.36,0.206
Antarctica 2013,538-2,B,2013-08-26 13:14,-40.31444444,-53.51083333,2121.3,10,14.07857143,,,10,0.8022,33.8277,0.8018,1027.1152,10.4,131,94.31,0.176
Antarctica 2013,538-2,B,2013-08-26 13:14,-40.31444444,-53.51083333,2121.3,10,11.50714286,,,10,0.8022,33.8277,0.8018,1027.1152,10.4,131,94.31,0.176
Antarctica 2013,539-2,B,2013-08-26 19:03,-40.47666667,-54.00333333,2613.1,1000,97.45714286,,,1012,1.8594,34.6979,1.7993,1027.7453,5.4,70.3,96.38,0.085
Antarctica 2013,539-2,B,2013-08-26 19:03,-40.47666667,-54.00333333,2613.1,900,100.35,,,911,1.9912,34.6813,1.937,1027.7213,5.37,70.1,96.37,0.082
Antarctica 2013,539-2,B,2013-08-26 19:03,-40.47666667,-54.00333333,2613.1,800,104.3581395,,,809,2.131,34.6582,2.0826,1027.6913,5.27,69.1,96.38,0.085
Antarctica 2013,539-2,B,2013-08-26 19:03,-40.47666667,-54.00333333,2613.1,700,109.3604651,,,708,2.2271,34.6205,2.1849,1027.6528,5.22,68.6,96.24,0.089
Antarctica 2013,539-2,B,2013-08-26 19:03,-40.47666667,-54.00333333,2613.1,600,105.1285714,,,607,2.3317,34.5721,2.2955,1027.6049,5.23,68.9,96.36,0.083
Antarctica 2013,539-2,B,2013-08-26 19:03,-40.47666667,-54.00333333,2613.1,500,110.0659091,,,506,2.3701,34.529,2.3403,1027.5667,5.33,70.2,96.3,0.075
Antarctica 2013,539-2,B,2013-08-26 19:03,-40.47666667,-54.00333333,2613.1,450,105.0136364,,,454,2.347,34.484,2.3205,1027.5324,5.54,73,96.32,0.072
Antarctica 2013,539-2,B,2013-08-26 19:03,-40.47666667,-54.00333333,2613.1,400,111.7674419,,,404,2.4337,34.4459,2.4101,1027.4944,5.67,74.8,96.33,0.072
Antarctica 2013,539-2,B,2013-08-26 19:03,-40.47666667,-54.00333333,2613.1,350,104.08,,,354,2.3851,34.3816,2.3647,1027.4468,6.08,80.1,96.3,0.073
Antarctica 2013,539-2,B,2013-08-26 19:03,-40.47666667,-54.00333333,2613.1,300,103.4386364,,,303,2.366,34.3163,2.3488,1027.3959,6.51,85.6,96.3,0.07
Antarctica 2013,539-2,B,2013-08-26 19:03,-40.47666667,-54.00333333,2613.1,275,105.1325581,,,278,2.3646,34.2888,2.3489,1027.3738,6.69,87.9,96.29,0.07
Antarctica 2013,539-2,B,2013-08-26 19:03,-40.47666667,-54.00333333,2613.1,250,86.50714286,,,253,2.2076,34.2341,2.1937,1027.3427,7.23,94.7,96.25,0.069
Antarctica 2013,539-2,B,2013-08-26 19:03,-40.47666667,-54.00333333,2613.1,225,82.49268293,,,227,2.0659,34.1965,2.0537,1027.3237,7.51,98,96.25,0.07
Antarctica 2013,539-2,B,2013-08-26 19:03,-40.47666667,-54.00333333,2613.1,200,78.15681818,,,202,1.9838,34.1645,1.9732,1027.3043,7.77,101.2,96.22,0.071
Antarctica 2013,539-2,B,2013-08-26 19:03,-40.47666667,-54.00333333,2613.1,175,64.17209302,,,177,1.9228,34.1344,1.9136,1027.2849,8.07,104.9,96.19,0.08
Antarctica 2013,539-2,B,2013-08-26 19:03,-40.47666667,-54.00333333,2613.1,150,57.31463415,,,151,1.6477,34.0091,1.6403,1027.2047,9.26,119.4,95.78,0.095
Antarctica 2013,539-2,B,2013-08-26 19:03,-40.47666667,-54.00333333,2613.1,125,19.75609756,,,126,1.2615,33.8774,1.2558,1027.126,10.17,129.6,94.99,0.225
Antarctica 2013,539-2,B,2013-08-26 19:03,-40.47666667,-54.00333333,2613.1,100,14.8,,,101,1.237,33.873,1.2324,1027.124,10.21,130.1,94.87,0.179
Antarctica 2013,539-2,B,2013-08-26 19:03,-40.47666667,-54.00333333,2613.1,80,13.06097561,,,81,1.2385,33.8718,1.2349,1027.1229,10.19,129.9,94.86,0.213
Antarctica 2013,539-2,B,2013-08-26 19:03,-40.47666667,-54.00333333,2613.1,60,12.96,,,61,1.2382,33.8715,1.2355,1027.1226,10.19,129.9,94.78,0.205
Antarctica 2013,539-2,B,2013-08-26 19:03,-40.47666667,-54.00333333,2613.1,40,13.14683544,,,40,1.2445,33.872,1.2427,1027.1225,10.22,130.2,94.74,0.21
Antarctica 2013,539-2,B,2013-08-26 19:03,-40.47666667,-54.00333333,2613.1,20,9.4,,,20,1.2563,33.8712,1.2554,1027.121,10.22,130.3,94.77,0.183
Antarctica 2013,539-2,B,2013-08-26 19:03,-40.47666667,-54.00333333,2613.1,10,12.195,,,10,1.2677,33.8717,1.2673,1027.1206,10.22,130.3,94.76,0.156
Antarctica 2013,539-2,B,2013-08-26 19:03,-40.47666667,-54.00333333,2613.1,3,10.53,,,6,1.2666,33.8714,1.2663,1027.1204,10.23,130.4,94.76,0.161
Antarctica 2013,542-2,B,2013-08-27 13:03,-40.95361111,-55.505,3325.3,1000,105.7390244,,,1012,1.9208,34.7006,1.8602,1027.7428,5.46,71.2,96.38,0.087
Antarctica 2013,542-2,B,2013-08-27 13:03,-40.95361111,-55.505,3325.3,900,98.24651163,,,911,2.0145,34.689,1.9601,1027.7257,5.39,70.5,96.37,0.092
Antarctica 2013,542-2,B,2013-08-27 13:03,-40.95361111,-55.505,3325.3,800,103.0725,,,809,2.0638,34.6717,2.0159,1027.7074,5.32,69.6,96.38,0.089
Antarctica 2013,542-2,B,2013-08-27 13:03,-40.95361111,-55.505,3325.3,700,103.7511628,,,708,2.1239,34.6517,2.0822,1027.686,5.28,69.2,96.37,0.096
Antarctica 2013,542-2,B,2013-08-27 13:03,-40.95361111,-55.505,3325.3,600,110.344186,,,606,2.2112,34.627,2.1756,1027.6587,5.19,68.1,96.38,0.096
Antarctica 2013,542-2,B,2013-08-27 13:03,-40.95361111,-55.505,3325.3,500,106.7785714,,,505,2.258,34.589,2.2286,1027.624,5.21,68.5,96.35,0.095
Antarctica 2013,542-2,B,2013-08-27 13:03,-40.95361111,-55.505,3325.3,400,97.66,,,404,2.3557,34.5356,2.3323,1027.5727,5.31,69.9,96.35,0.097
Antarctica 2013,542-2,B,2013-08-27 13:03,-40.95361111,-55.505,3325.3,358,111.8142857,,,362,2.3024,34.4933,2.2817,1027.543,5.48,72,96.26,0.093
Antarctica 2013,542-2,B,2013-08-27 13:03,-40.95361111,-55.505,3325.3,300,121.1113636,,,303,2.3294,34.4447,2.3122,1027.5016,5.69,74.8,96.32,0.096
Antarctica 2013,542-2,B,2013-08-27 13:03,-40.95361111,-55.505,3325.3,250,106.0463415,,,252,2.2579,34.3912,2.2439,1027.4644,6.02,79,96.3,0.07
Antarctica 2013,542-2,B,2013-08-27 13:03,-40.95361111,-55.505,3325.3,225,99.38863636,,,227,2.34,34.3801,2.3273,1027.4487,6.05,79.6,96.3,0.092
Antarctica 2013,542-2,B,2013-08-27 13:03,-40.95361111,-55.505,3325.3,200,100.5975,,,202,2.3392,34.3544,2.3279,1027.428,6.23,81.9,96.3,0.088
Antarctica 2013,542-2,B,2013-08-27 13:03,-40.95361111,-55.505,3325.3,175,90.45,,,177,2.2929,34.3173,2.2831,1027.4021,6.49,85.2,96.3,0.097
Antarctica 2013,542-2,B,2013-08-27 13:03,-40.95361111,-55.505,3325.3,150,76.65882353,,,151,1.6872,34.2166,1.6797,1027.3684,7.39,95.5,96.22,0.091
Antarctica 2013,542-2,B,2013-08-27 13:03,-40.95361111,-55.505,3325.3,125,56.44883721,,,126,0.3878,34.0319,0.383,1027.3042,9.63,120.2,95.92,0.127
Antarctica 2013,542-2,B,2013-08-27 13:03,-40.95361111,-55.505,3325.3,100,30.49285714,,,101,-0.4988,33.88,-0.5019,1027.2256,10.5,127.8,95.33,0.227
Antarctica 2013,542-2,B,2013-08-27 13:03,-40.95361111,-55.505,3325.3,80,17.28837209,,,81,-0.4465,33.8123,-0.449,1027.1686,10.69,130.3,94.87,0.242
Antarctica 2013,542-2,B,2013-08-27 13:03,-40.95361111,-55.505,3325.3,60,14.5255814,,,61,-0.3933,33.7807,-0.3952,1027.1407,10.71,130.6,94.75,0.268
Antarctica 2013,542-2,B,2013-08-27 13:03,-40.95361111,-55.505,3325.3,40,15.05853659,,,40,-0.3855,33.7776,-0.3867,1027.1377,10.77,131.3,94.65,0.273
Antarctica 2013,542-2,B,2013-08-27 13:03,-40.95361111,-55.505,3325.3,40,12.55609756,,,40,-0.3855,33.7776,-0.3867,1027.1377,10.77,131.3,94.65,0.273
Antarctica 2013,542-2,B,2013-08-27 13:03,-40.95361111,-55.505,3325.3,20,11.4804878,,,20,-0.3878,33.7778,-0.3884,1027.138,10.77,131.4,94.64,0.242
Antarctica 2013,542-2,B,2013-08-27 13:03,-40.95361111,-55.505,3325.3,10,12.50886076,,,10,-0.3851,33.7773,-0.3854,1027.1374,10.76,131.3,94.55,0.197
Antarctica 2013,542-2,B,2013-08-27 13:03,-40.95361111,-55.505,3325.3,5,11.96341463,,,10,-0.3851,33.7773,-0.3854,1027.1374,10.76,131.3,94.55,0.197
Antarctica 2013,544-1,B,2013-08-27 21:32,-41.26694444,-56.50694444,3537.8,1000,89.28409091,,,1012,1.745,34.7128,1.6858,1027.7659,5.55,72.1,96.39,0.099
Antarctica 2013,544-1,B,2013-08-27 21:32,-41.26694444,-56.50694444,3537.8,900,93.21428571,,,910,1.8159,34.7077,1.763,1027.7559,5.46,71,96.39,0.097
Antarctica 2013,544-1,B,2013-08-27 21:32,-41.26694444,-56.50694444,3537.8,800,94.24883721,,,809,1.9103,34.7002,1.8633,1027.7423,5.43,70.8,96.37,0.099
Antarctica 2013,544-1,B,2013-08-27 21:32,-41.26694444,-56.50694444,3537.8,700,101.3926829,,,708,1.9835,34.6924,1.9426,1027.7297,5.42,70.8,96.38,0.099
Antarctica 2013,544-1,B,2013-08-27 21:32,-41.26694444,-56.50694444,3537.8,600,103.4357143,,,606,2.0919,34.6686,2.0569,1027.7016,5.32,69.7,96.37,0.099
Antarctica 2013,544-1,B,2013-08-27 21:32,-41.26694444,-56.50694444,3537.8,500,105.844186,,,505,2.1619,34.637,2.1329,1027.6702,5.27,69.1,96.35,0.099
Antarctica 2013,544-1,B,2013-08-27 21:32,-41.26694444,-56.50694444,3537.8,400,107.2255814,,,404,2.2477,34.5957,2.2246,1027.6297,5.24,68.8,96.35,0.099
Antarctica 2013,544-1,B,2013-08-27 21:32,-41.26694444,-56.50694444,3537.8,350,109.44,,,354,2.2496,34.5629,2.2295,1027.603,5.32,70,96.33,0.099
Antarctica 2013,544-1,B,2013-08-27 21:32,-41.26694444,-56.50694444,3537.8,300,112.0285714,,,303,2.27,34.5301,2.2529,1027.5748,5.38,70.7,96.33,0.099
Antarctica 2013,544-1,B,2013-08-27 21:32,-41.26694444,-56.50694444,3537.8,250,109.527907,,,253,2.1606,34.4707,2.1467,1027.5359,5.72,75,96.28,0.099
Antarctica 2013,544-1,B,2013-08-27 21:32,-41.26694444,-56.50694444,3537.8,225,113.8714286,,,227,2.0629,34.4378,2.0506,1027.5172,5.83,76.2,96.25,0.099
Antarctica 2013,544-1,B,2013-08-27 21:32,-41.26694444,-56.50694444,3537.8,200,101.8714286,,,202,2.3125,34.4359,2.3012,1027.4954,5.78,76,96.21,0.098
Antarctica 2013,544-1,B,2013-08-27 21:32,-41.26694444,-56.50694444,3537.8,175,105.1425,,,177,2.2721,34.4062,2.2623,1027.4748,6.21,81.6,96.26,0.099
Antarctica 2013,544-1,B,2013-08-27 21:32,-41.26694444,-56.50694444,3537.8,150,97.77073171,,,151,1.7256,34.305,1.718,1027.4364,6.74,87.2,96.21,0.099
Antarctica 2013,544-1,B,2013-08-27 21:32,-41.26694444,-56.50694444,3537.8,125,93.72272727,,,126,1.3515,34.2193,1.3456,1027.3944,7.41,94.9,96.19,0.099
Antarctica 2013,544-1,B,2013-08-27 21:32,-41.26694444,-56.50694444,3537.8,100,71.29756098,,,101,0.5973,34.0594,0.5933,1027.3142,8.84,110.9,96.02,0.098
Antarctica 2013,544-1,B,2013-08-27 21:32,-41.26694444,-56.50694444,3537.8,80,55.35,,,81,0.1252,33.9453,0.1223,1027.2485,9.73,120.5,95.8,0.13
Antarctica 2013,544-1,B,2013-08-27 21:32,-41.26694444,-56.50694444,3537.8,60,15.7275,,,61,-0.3224,33.795,-0.3243,1027.149,10.72,131,94.62,0.282
Antarctica 2013,544-1,B,2013-08-27 21:32,-41.26694444,-56.50694444,3537.8,40,11.5744186,,,40,-0.3218,33.7923,-0.323,1027.1468,10.73,131.2,94.54,0.282
Antarctica 2013,544-1,B,2013-08-27 21:32,-41.26694444,-56.50694444,3537.8,40,18.10227273,,,40,-0.3218,33.7923,-0.323,1027.1468,10.73,131.2,94.54,0.282
Antarctica 2013,544-1,B,2013-08-27 21:32,-41.26694444,-56.50694444,3537.8,20,11.26097561,,,20,-0.3226,33.7927,-0.3232,1027.1471,10.71,130.9,94.57,0.264
Antarctica 2013,544-1,B,2013-08-27 21:32,-41.26694444,-56.50694444,3537.8,10,9.409090909,,,17,-0.3209,33.7926,-0.3214,1027.1469,10.74,131.2,94.54,0.282
Antarctica 2013,544-1,B,2013-08-27 21:32,-41.26694444,-56.50694444,3537.8,4,8.97804878,,,17,-0.3209,33.7926,-0.3214,1027.1469,10.74,131.2,94.54,0.282
Antarctica 2013,547-1,B,2013-08-28 18:21,-42.23055556,-59.51527778,3866.4,1000,116.2071429,,,1011,0.5092,34.6777,0.4602,1027.8203,6.45,81.1,96.33,0.097
Antarctica 2013,547-1,B,2013-08-28 18:21,-42.23055556,-59.51527778,3866.4,900,115.1780488,,,911,0.5605,34.6763,0.5168,1027.8158,6.45,81.1,96.34,0.099
Antarctica 2013,547-1,B,2013-08-28 18:21,-42.23055556,-59.51527778,3866.4,800,110.775,,,809,0.6199,34.6763,0.5814,1027.8118,6.4,80.7,96.34,0.099
Antarctica 2013,547-1,B,2013-08-28 18:21,-42.23055556,-59.51527778,3866.4,700,102.9348837,,,708,0.7917,34.6855,0.7576,1027.8083,6.33,80.2,96.37,0.099
Antarctica 2013,547-1,B,2013-08-28 18:21,-42.23055556,-59.51527778,3866.4,600,91.73571429,,,607,0.8824,34.6833,0.8533,1027.8004,6.31,80.1,96.36,0.099
Antarctica 2013,547-1,B,2013-08-28 18:21,-42.23055556,-59.51527778,3866.4,500,106.4302326,,,505,0.9497,34.6726,0.9256,1027.7872,6.36,80.8,96.33,0.099
Antarctica 2013,547-1,B,2013-08-28 18:21,-42.23055556,-59.51527778,3866.4,400,93.04,,,404,1.1666,34.674,1.147,1027.7735,6.17,78.9,96.33,0.099
Antarctica 2013,547-1,B,2013-08-28 18:21,-42.23055556,-59.51527778,3866.4,350,104.8714286,,,354,1.2999,34.6788,1.2825,1027.768,6.09,78.2,96.33,0.099
Antarctica 2013,547-1,B,2013-08-28 18:21,-42.23055556,-59.51527778,3866.4,300,103.3744186,,,303,1.3023,34.6633,1.2875,1027.7552,6.11,78.3,96.32,0.099
Antarctica 2013,547-1,B,2013-08-28 18:21,-42.23055556,-59.51527778,3866.4,250,99.20930233,,,252,1.2457,34.6396,1.2336,1027.7399,6.26,80.2,96.28,0.099
Antarctica 2013,547-1,B,2013-08-28 18:21,-42.23055556,-59.51527778,3866.4,225,105.9975,,,227,1.0971,34.6156,1.0866,1027.7306,6.44,82.1,96.27,0.099
Antarctica 2013,547-1,B,2013-08-28 18:21,-42.23055556,-59.51527778,3866.4,200,84.68372093,,,202,0.9682,34.5937,0.9591,1027.7215,6.6,83.9,96.26,0.099
Antarctica 2013,547-1,B,2013-08-28 18:21,-42.23055556,-59.51527778,3866.4,175,87.47560976,,,177,0.7951,34.5613,0.7874,1027.7065,6.77,85.6,96.24,0.099
Antarctica 2013,547-1,B,2013-08-28 18:21,-42.23055556,-59.51527778,3866.4,150,96.89268293,,,152,0.4749,34.5159,0.4688,1027.6893,7.36,92.3,96.23,0.099
Antarctica 2013,547-1,B,2013-08-28 18:21,-42.23055556,-59.51527778,3866.4,125,77.25,,,126,0.1054,34.44,0.1008,1027.6488,7.81,97,96.2,0.099
Antarctica 2013,547-1,B,2013-08-28 18:21,-42.23055556,-59.51527778,3866.4,100,76.47857143,,,101,-0.231,34.3706,-0.2344,1027.61,8.49,104.5,96.15,0.099
Antarctica 2013,547-1,B,2013-08-28 18:21,-42.23055556,-59.51527778,3866.4,80,56.52,,,81,-0.5484,34.294,-0.5509,1027.5628,9,109.7,96.08,0.099
Antarctica 2013,547-1,B,2013-08-28 18:21,-42.23055556,-59.51527778,3866.4,60,39.13902439,,,61,-1.0825,34.1779,-1.0841,1027.4902,9.94,119.4,95.79,0.13
Antarctica 2013,547-1,B,2013-08-28 18:21,-42.23055556,-59.51527778,3866.4,40,15.70714286,,,40,-1.6964,33.9376,-1.6972,1027.3145,10.66,125.6,94.91,0.252
Antarctica 2013,547-1,B,2013-08-28 18:21,-42.23055556,-59.51527778,3866.4,20,16.1775,,,20,-1.6866,33.924,-1.687,1027.3032,10.69,126.1,94.78,0.282
Antarctica 2013,547-1,B,2013-08-28 18:21,-42.23055556,-59.51527778,3866.4,10,19.09756098,,,10,-1.6901,33.9229,-1.6903,1027.3024,10.67,125.7,94.74,0.273
Antarctica 2013,547-1,B,2013-08-28 18:21,-42.23055556,-59.51527778,3866.4,2,12.72857143,,,3,-1.6882,33.9221,-1.6883,1027.3017,10.69,126,94.5,0.216
Antarctica 2013,555-2,B,2013-09-01 17:21,-41.07138889,-61.18944444,1995.1,1997,94.97142857,0.47,23.15593759,,,,,,,,,
Antarctica 2013,555-2,B,2013-09-01 17:21,-41.07138889,-61.18944444,1995.1,1500,101.52,0.99,23.65549909,,,,,,,,,
Antarctica 2013,555-2,B,2013-09-01 17:21,-41.07138889,-61.18944444,1995.1,1000,,0.47,41.02792062,,,,,,,,,
Antarctica 2013,555-2,B,2013-09-01 17:21,-41.07138889,-61.18944444,1995.1,800,103.8767442,0.3,41.22783052,,,,,,,,,
Antarctica 2013,555-2,B,2013-09-01 17:21,-41.07138889,-61.18944444,1995.1,600,151.2219512,0.43,41.2056511,,,,,,,,,
Antarctica 2013,555-2,B,2013-09-01 17:21,-41.07138889,-61.18944444,1995.1,400,117.4071429,0.26,40.25785811,,,,,,,,,
Antarctica 2013,555-2,B,2013-09-01 17:21,-41.07138889,-61.18944444,1995.1,300,130.1232558,0.72,39.47462713,,,,,,,,,
Antarctica 2013,555-2,B,2013-09-01 17:21,-41.07138889,-61.18944444,1995.1,250,139.8139535,0.31,33.50152766,,,,,,,,,
Antarctica 2013,555-2,B,2013-09-01 17:21,-41.07138889,-61.18944444,1995.1,200,120.1390244,0.4,28.11534378,,,,,,,,,
Antarctica 2013,555-2,B,2013-09-01 17:21,-41.07138889,-61.18944444,1995.1,150,123.0697674,0.41,30.74042496,,,,,,,,,
Antarctica 2013,555-2,B,2013-09-01 17:21,-41.07138889,-61.18944444,1995.1,100,121.9071429,0.36,27.82305854,,,,,,,,,
Antarctica 2013,555-2,B,2013-09-01 17:21,-41.07138889,-61.18944444,1995.1,80,115.2627907,0.86,21.49741849,,,,,,,,,
Antarctica 2013,555-2,B,2013-09-01 17:21,-41.07138889,-61.18944444,1995.1,60,104.3785714,0.3,22.08492022,,,,,,,,,
Antarctica 2013,555-2,B,2013-09-01 17:21,-41.07138889,-61.18944444,1995.1,50,97.33170732,0.38,10.21527922,,,,,,,,,
Antarctica 2013,555-2,B,2013-09-01 17:21,-41.07138889,-61.18944444,1995.1,40,106.3097561,0.38,8.914907651,,,,,,,,,
Antarctica 2013,555-2,B,2013-09-01 17:21,-41.07138889,-61.18944444,1995.1,30,85.07142857,0.87,7.576602321,,,,,,,,,
Antarctica 2013,555-2,B,2013-09-01 17:21,-41.07138889,-61.18944444,1995.1,20,69.72857143,0.47,7.576838788,,,,,,,,,
Antarctica 2013,555-2,B,2013-09-01 17:21,-41.07138889,-61.18944444,1995.1,10,68.11463415,0.21,5.196704299,,,,,,,,,
Antarctica 2013,565-3,B,2013-09-16 16:23,-27.17,-60.71027778,3456.6,3500,86.6925,,,3564,-0.3123,34.6467,-0.5379,1027.8476,4.46,54.8,96.27,0.069
Antarctica 2013,565-3,B,2013-09-16 16:23,-27.17,-60.71027778,3456.6,3000,86.2425,,,3051,-0.3189,34.6485,-0.4992,1027.8472,4.47,55,96.3,0.069
Antarctica 2013,565-3,B,2013-09-16 16:23,-27.17,-60.71027778,3456.6,2500,95.58409091,,,2540,-0.2566,34.6522,-0.3972,1027.8455,4.47,55.1,96.35,0.069
Antarctica 2013,565-3,B,2013-09-16 16:23,-27.17,-60.71027778,3456.6,2000,107.6571429,,,2029,-0.1253,34.6587,-0.231,1027.8426,4.32,53.4,96.35,0.069
Antarctica 2013,565-3,B,2013-09-16 16:23,-27.17,-60.71027778,3456.6,1500,172.1142857,,,1520,0.0724,34.6672,-0.0026,1027.8377,4.31,53.6,96.37,0.069
Antarctica 2013,565-3,B,2013-09-16 16:23,-27.17,-60.71027778,3456.6,1000,113.8390244,,,1012,0.2766,34.6765,0.2295,1027.8326,4.21,52.7,96.36,0.069
Antarctica 2013,565-3,B,2013-09-16 16:23,-27.17,-60.71027778,3456.6,800,112.1142857,,,809,0.3901,34.6804,0.3531,1027.8287,4.24,53.2,96.35,0.069
Antarctica 2013,565-3,B,2013-09-16 16:23,-27.17,-60.71027778,3456.6,600,107.3571429,,,607,0.4993,34.6835,0.4721,1027.8242,4.33,54.5,96.35,0.069
Antarctica 2013,565-3,B,2013-09-16 16:23,-27.17,-60.71027778,3456.6,400,117.9627907,,,404,0.5993,34.6835,0.5816,1027.8176,4.7,59.2,96.33,0.069
Antarctica 2013,565-3,B,2013-09-16 16:23,-27.17,-60.71027778,3456.6,300,142.95,,,303,0.5383,34.672,0.5254,1027.8117,5.02,63.2,96.3,0.069
Antarctica 2013,565-3,B,2013-09-16 16:23,-27.17,-60.71027778,3456.6,250,129.3428571,,,253,0.4541,34.6604,0.4437,1027.8073,5.14,64.5,96.27,0.069
Antarctica 2013,565-3,B,2013-09-16 16:23,-27.17,-60.71027778,3456.6,200,113.4,,,202,0.2533,34.6327,0.2454,1027.7964,5.75,71.8,96.25,0.069
Antarctica 2013,565-3,B,2013-09-16 16:23,-27.17,-60.71027778,3456.6,150,108.4829268,,,152,-0.1937,34.5685,-0.199,1027.7681,6.54,80.6,96.25,0.069
Antarctica 2013,565-3,B,2013-09-16 16:23,-27.17,-60.71027778,3456.6,125,111.4902439,,,126,-0.6902,34.4694,-0.694,1027.7109,7.48,90.9,96.26,0.069
Antarctica 2013,565-3,B,2013-09-16 16:23,-27.17,-60.71027778,3456.6,100,76.76341463,,,101,-1.7713,34.2463,-1.7733,1027.5675,9.1,107.2,96.18,0.069
Antarctica 2013,565-3,B,2013-09-16 16:23,-27.17,-60.71027778,3456.6,80,50.7825,,,81,-1.8469,34.234,-1.8484,1027.5595,9.09,106.9,96.17,0.069
Antarctica 2013,565-3,B,2013-09-16 16:23,-27.17,-60.71027778,3456.6,60,53.76428571,,,61,-1.8473,34.2339,-1.8485,1027.5594,9.56,112.4,96.18,0.069
Antarctica 2013,565-3,B,2013-09-16 16:23,-27.17,-60.71027778,3456.6,40,54.6975,,,40,-1.8493,34.2336,-1.85,1027.5592,9.21,108.3,96.16,0.069
Antarctica 2013,565-3,B,2013-09-16 16:23,-27.17,-60.71027778,3456.6,20,51.19285714,,,20,-1.8514,34.2335,-1.8518,1027.5592,9.23,108.6,95.32,0.069
Antarctica 2013,565-3,B,2013-09-16 16:23,-27.17,-60.71027778,3456.6,10,52.58,,,10,-1.8523,34.23,-1.8525,1027.5563,6.82,80.2,94.99,0.069
Antarctica 2013,566-16,B,2013-09-24 13:26,-26.30138889,-60.78888889,3834.4,4000,117.6642857,0.68,8.909396329,3978,-0.3731,34.6443,-0.6361,1027.85,7.73,94.9,96.25,0.13
Antarctica 2013,566-16,B,2013-09-24 13:26,-26.30138889,-60.78888889,3834.4,3500,126.8325,0.45,7.042500062,3563,-0.3799,34.6467,-0.6036,1027.8505,7.68,94.3,96.32,0.13
Antarctica 2013,566-16,B,2013-09-24 13:26,-26.30138889,-60.78888889,3834.4,3000,119.4545455,0.31,9.219279946,3051,-0.292,34.6527,-0.473,1027.8494,7.46,91.8,96.35,0.118
Antarctica 2013,566-16,B,2013-09-24 13:26,-26.30138889,-60.78888889,3834.4,2500,139.9928571,0.73,91.25484188,2539,-0.1978,34.6564,-0.3395,1027.8461,7.28,89.8,96.36,0.13
Antarctica 2013,566-16,B,2013-09-24 13:26,-26.30138889,-60.78888889,3834.4,2000,236.2928571,0.88,9.171971152,2029,-0.1011,34.6598,-0.2072,1027.8423,7.11,88,96.35,0.13
Antarctica 2013,566-16,B,2013-09-24 13:26,-26.30138889,-60.78888889,3834.4,1500,152.9357143,0.64,7.366223003,1520,0.068,34.6666,-0.0069,1027.8375,6.87,85.4,96.35,0.13
Antarctica 2013,566-16,B,2013-09-24 13:26,-26.30138889,-60.78888889,3834.4,1000,144.627907,0.42,15.9856493,1012,0.298,34.6765,0.2507,1027.8314,6.54,81.8,96.35,0.13
Antarctica 2013,566-16,B,2013-09-24 13:26,-26.30138889,-60.78888889,3834.4,800,171.2093023,0.48,14.71704466,809,0.3851,34.6785,0.3481,1027.8274,6.55,82,96.34,0.13
Antarctica 2013,566-16,B,2013-09-24 13:26,-26.30138889,-60.78888889,3834.4,600,143.2714286,0.37,25.20095836,607,0.5113,34.6822,0.484,1027.8225,6.31,79.3,96.32,0.128
Antarctica 2013,566-16,B,2013-09-24 13:26,-26.30138889,-60.78888889,3834.4,400,190.98,0.25,8.138955826,404,0.5712,34.6782,0.5536,1027.8151,6.26,78.9,96.28,0.13
Antarctica 2013,566-16,B,2013-09-24 13:26,-26.30138889,-60.78888889,3834.4,300,61.3255814,0.42,8.268462026,303,0.5539,34.6661,0.541,1027.8061,6.43,80.9,96.25,0.13
Antarctica 2013,566-16,B,2013-09-24 13:26,-26.30138889,-60.78888889,3834.4,250,87.9804878,0.36,20.11187788,252,0.6445,34.6598,0.6337,1027.7954,6.54,82.5,96.25,0.128
Antarctica 2013,566-16,B,2013-09-24 13:26,-26.30138889,-60.78888889,3834.4,200,163.4232558,0.33,8.869916491,202,0.6522,34.6334,0.6436,1027.7735,6.63,83.7,96.22,0.13
Antarctica 2013,566-16,B,2013-09-24 13:26,-26.30138889,-60.78888889,3834.4,150,150.5930233,0.47,10.19594737,151,-0.1564,34.5262,-0.1617,1027.7321,7.42,91.5,96.19,0.13
Antarctica 2013,566-16,B,2013-09-24 13:26,-26.30138889,-60.78888889,3834.4,100,136.6928571,1.52,9.984813466,101,-1.8406,34.2936,-1.8426,1027.6078,10.17,119.8,96.21,0.137
Antarctica 2013,566-16,B,2013-09-24 13:26,-26.30138889,-60.78888889,3834.4,80,63.52325581,0.21,10.45089358,81,-1.8324,34.2886,-1.834,1027.6035,10.17,119.7,96.18,0.143
Antarctica 2013,566-16,B,2013-09-24 13:26,-26.30138889,-60.78888889,3834.4,60,175.2906977,0.52,6.547532157,61,-1.8045,34.2747,-1.8057,1027.5915,10.14,119.4,96.16,0.13
Antarctica 2013,566-16,B,2013-09-24 13:26,-26.30138889,-60.78888889,3834.4,40,66.105,0.55,3.388613064,40,-1.6846,34.1987,-1.6854,1027.5264,10.14,119.7,96.1,0.13
Antarctica 2013,566-16,B,2013-09-24 13:26,-26.30138889,-60.78888889,3834.4,20,66.55714286,0.46,3.826085226,20,-1.8324,34.1103,-1.8328,1027.4585,10.4,122.2,95.97,0.16
Antarctica 2013,566-16,B,2013-09-24 13:26,-26.30138889,-60.78888889,3834.4,10,67.17857143,0.84,4.284727327,10,-1.8441,34.0921,-1.8443,1027.4439,10.41,122.4,95.95,0.16
Antarctica 2013,589-1,B,2013-10-09 11:40,0.029166667,-55.48777778,3600.8,1000,144.9209302,,,1012,1.3753,34.7128,1.3191,1027.7927,6.16,79.2,96.22,0.038
Antarctica 2013,589-1,B,2013-10-09 11:40,0.029166667,-55.48777778,3600.8,700,114.3627907,,,708,1.6853,34.7014,1.646,1027.7597,5.9,76.4,96.19,0.038
Antarctica 2013,589-1,B,2013-10-09 11:40,0.029166667,-55.48777778,3600.8,500,147.34,,,505,1.819,34.659,1.7914,1027.7148,5.66,73.6,96.17,0.038
Antarctica 2013,589-1,B,2013-10-09 11:40,0.029166667,-55.48777778,3600.8,400,125.0571429,,,404,1.8384,34.6244,1.8166,1027.6851,5.6,72.9,96.12,0.038
Antarctica 2013,589-1,B,2013-10-09 11:40,0.029166667,-55.48777778,3600.8,300,248.7272727,,,303,1.7595,34.5538,1.7436,1027.634,5.69,73.9,96.04,0.039
Antarctica 2013,589-1,B,2013-10-09 11:40,0.029166667,-55.48777778,3600.8,200,144.3214286,,,202,0.8231,34.2982,0.8144,1027.493,7.54,95.3,95.99,0.038
Antarctica 2013,589-1,B,2013-10-09 11:40,0.029166667,-55.48777778,3600.8,150,59.10697674,,,151,-0.6927,34.0316,-0.6971,1027.3567,10.23,124,95.72,0.069
Antarctica 2013,589-1,B,2013-10-09 11:40,0.029166667,-55.48777778,3600.8,100,53.1,,,101,-1.1921,33.8885,-1.1946,1027.2594,10.99,131.3,95.04,0.145
Antarctica 2013,589-1,B,2013-10-09 11:40,0.029166667,-55.48777778,3600.8,60,44.07857143,,,61,-1.4531,33.7679,-1.4544,1027.1698,11.14,132,94.34,0.191
Antarctica 2013,589-1,B,2013-10-09 11:40,0.029166667,-55.48777778,3600.8,40,38.49069767,,,40,-1.4524,33.7641,-1.4532,1027.1666,11.15,132.2,94.3,0.109
Antarctica 2013,589-1,B,2013-10-09 11:40,0.029166667,-55.48777778,3600.8,20,32.48571429,,,20,-1.5181,33.741,-1.5185,1027.1498,11.18,132.2,94.47,0.096
Antarctica 2013,589-1,B,2013-10-09 11:40,0.029166667,-55.48777778,3600.8,10,30.80454545,,,10,-1.5581,33.7144,-1.5583,1027.1293,11.17,132,94.49,0.038
Antarctica 2013,589-1,B,2013-10-09 11:40,0.029166667,-55.48777778,3600.8,3,175.4571429,,,5,-1.5553,33.7118,-1.5554,1027.1271,11.19,132.2,94.44,0.016
Antarctica 2013,590-1,B,2013-10-09 15:35,-0.003611111,-55.00277778,1669.7,1000,131.3142857,,,1012,1.3859,34.7116,1.3296,1027.791,6.15,79.1,96.23,0.043
Antarctica 2013,590-1,B,2013-10-09 15:35,-0.003611111,-55.00277778,1669.7,900,114.2162791,,,910,1.5025,34.7128,1.4518,1027.7832,6.08,78.5,96.23,0.042
Antarctica 2013,590-1,B,2013-10-09 15:35,-0.003611111,-55.00277778,1669.7,800,115.6186047,,,809,1.5562,34.7042,1.5115,1027.772,6,77.5,96.22,0.045
Antarctica 2013,590-1,B,2013-10-09 15:35,-0.003611111,-55.00277778,1669.7,600,136.8,,,606,1.7108,34.6787,1.6776,1027.7392,5.78,75,96.2,0.05
Antarctica 2013,590-1,B,2013-10-09 15:35,-0.003611111,-55.00277778,1669.7,500,114.4636364,,,505,1.7983,34.6533,1.7707,1027.7117,5.64,73.3,96.17,0.049
Antarctica 2013,590-1,B,2013-10-09 15:35,-0.003611111,-55.00277778,1669.7,400,152.6487805,,,404,1.7949,34.622,1.7732,1027.6865,5.63,73.2,96.12,0.045
Antarctica 2013,590-1,B,2013-10-09 15:35,-0.003611111,-55.00277778,1669.7,300,120.6,,,303,1.6611,34.5416,1.6455,1027.6315,5.82,75.4,96.05,0.04
Antarctica 2013,590-1,B,2013-10-09 15:35,-0.003611111,-55.00277778,1669.7,200,106.1372093,,,202,1.2199,34.4095,1.2105,1027.5565,6.73,86,96.02,0.039
Antarctica 2013,590-1,B,2013-10-09 15:35,-0.003611111,-55.00277778,1669.7,100,40.87674419,,,101,-1.1836,33.9228,-1.1861,1027.2869,10.99,131.3,95.27,0.149
Antarctica 2013,590-1,B,2013-10-09 15:35,-0.003611111,-55.00277778,1669.7,60,36.55227273,,,61,-1.4773,33.8352,-1.4786,1027.2251,11.26,133.4,94.23,0.195
Antarctica 2013,590-1,B,2013-10-09 15:35,-0.003611111,-55.00277778,1669.7,40,27.75,,,40,-1.4899,33.8321,-1.4907,1027.223,11.26,133.4,94,0.181
Antarctica 2013,590-1,B,2013-10-09 15:35,-0.003611111,-55.00277778,1669.7,10,27.92195122,,,10,-1.4933,33.8133,-1.4935,1027.2078,11.28,133.5,94.26,0.069
Antarctica 2013,590-1,B,2013-10-09 15:35,-0.003611111,-55.00277778,1669.7,3,26.2255814,,,3,-1.4933,33.7942,-1.4934,1027.1922,11.29,133.7,94.32,0.061
Antarctica 2013,592-1,B,2013-10-10 04:20,0.008888889,-53.00555556,2463.5,1000,129.9642857,,,1012,1.1708,34.7051,1.1163,1027.8006,6.22,79.6,96.17,0.069
Antarctica 2013,592-1,B,2013-10-10 04:20,0.008888889,-53.00555556,2463.5,900,129,,,910,1.3009,34.7065,1.2517,1027.7924,6.15,78.9,96.2,0.069
Antarctica 2013,592-1,B,2013-10-10 04:20,0.008888889,-53.00555556,2463.5,700,141.4255814,,,708,1.5129,34.7031,1.4746,1027.7738,6,77.5,96.18,0.069
Antarctica 2013,592-1,B,2013-10-10 04:20,0.008888889,-53.00555556,2463.5,500,125.02,,,505,1.6978,34.6675,1.6706,1027.7307,5.75,74.6,96.13,0.069
Antarctica 2013,592-1,B,2013-10-10 04:20,0.008888889,-53.00555556,2463.5,400,195.4928571,,,404,1.712,34.6247,1.6906,1027.6949,5.66,73.4,96.08,0.069
Antarctica 2013,592-1,B,2013-10-10 04:20,0.008888889,-53.00555556,2463.5,300,150.8931818,,,303,1.6154,34.5586,1.5999,1027.6486,5.83,75.3,96.02,0.069
Antarctica 2013,592-1,B,2013-10-10 04:20,0.008888889,-53.00555556,2463.5,200,112.7302326,,,202,0.8822,34.3266,0.8734,1027.5121,7.39,93.6,95.92,0.069
Antarctica 2013,592-1,B,2013-10-10 04:20,0.008888889,-53.00555556,2463.5,125,35.65227273,,,126,-0.446,33.9057,-0.4499,1027.2442,10.87,132.5,94.7,0.211
Antarctica 2013,592-1,B,2013-10-10 04:20,0.008888889,-53.00555556,2463.5,100,28.485,,,101,-0.4869,33.8916,-0.49,1027.2345,11.05,134.5,94.29,0.284
Antarctica 2013,592-1,B,2013-10-10 04:20,0.008888889,-53.00555556,2463.5,80,25.52,,,81,-0.3909,33.8886,-0.3934,1027.2278,11.07,135.1,94.29,0.246
Antarctica 2013,592-1,B,2013-10-10 04:20,0.008888889,-53.00555556,2463.5,40,21.25227273,,,40,0.0806,33.8569,0.0792,1027.1794,10.88,134.4,94.02,0.221
Antarctica 2013,592-1,B,2013-10-10 04:20,0.008888889,-53.00555556,2463.5,10,21.52,,,10,0.0815,33.8574,0.0812,1027.1797,10.89,134.6,93.99,0.221
Antarctica 2013,592-1,B,2013-10-10 04:20,0.008888889,-53.00555556,2463.5,6,26.65714286,,,6,0.0812,33.8576,0.081,1027.1798,10.86,134.2,93.97,0.24
Antarctica 2013,593-1,B,2013-10-10 07:45,0.016944444,-52.50527778,2548.8,1000,144.0658537,,,1012,1.4123,34.7148,1.3558,1027.7917,6.13,78.9,96.2,0.069
Antarctica 2013,593-1,B,2013-10-10 07:45,0.016944444,-52.50527778,2548.8,900,127.9928571,,,910,1.5071,34.7145,1.4564,1027.7843,6.06,78.2,96.19,0.063
Antarctica 2013,593-1,B,2013-10-10 07:45,0.016944444,-52.50527778,2548.8,700,130.1232558,,,707,1.6765,34.7012,1.6374,1027.7603,5.86,75.9,96.17,0.066
Antarctica 2013,593-1,B,2013-10-10 07:45,0.016944444,-52.50527778,2548.8,600,135.75,,,606,1.731,34.6801,1.6977,1027.7388,5.71,74.1,96.11,0.069
Antarctica 2013,593-1,B,2013-10-10 07:45,0.016944444,-52.50527778,2548.8,500,159.1744186,,,505,1.7699,34.6574,1.7425,1027.7172,5.59,72.6,96.11,0.065
Antarctica 2013,593-1,B,2013-10-10 07:45,0.016944444,-52.50527778,2548.8,400,161.4731707,,,404,1.7883,34.6118,1.7667,1027.6788,5.52,71.7,96.02,0.067
Antarctica 2013,593-1,B,2013-10-10 07:45,0.016944444,-52.50527778,2548.8,300,161.6023256,,,303,1.6722,34.5299,1.6566,1027.6214,5.75,74.4,95.98,0.069
Antarctica 2013,593-1,B,2013-10-10 07:45,0.016944444,-52.50527778,2548.8,200,128.0357143,,,202,1.1843,34.2941,1.175,1027.4662,7.31,93.3,95.91,0.066
Antarctica 2013,593-1,B,2013-10-10 07:45,0.016944444,-52.50527778,2548.8,150,49.35,,,151,-0.1577,33.8996,-0.1628,1027.2259,10.62,130.5,94.96,0.181
Antarctica 2013,593-1,B,2013-10-10 07:45,0.016944444,-52.50527778,2548.8,100,38.05116279,,,101,0.0727,33.8632,0.0691,1027.185,10.76,132.9,94.44,0.247
Antarctica 2013,593-1,B,2013-10-10 07:45,0.016944444,-52.50527778,2548.8,60,30.42857143,,,61,0.1803,33.8537,0.1781,1027.1717,10.83,134.2,93.91,0.252
Antarctica 2013,593-1,B,2013-10-10 07:45,0.016944444,-52.50527778,2548.8,20,28.575,,,20,0.2214,33.8525,0.2207,1027.1684,10.81,134.1,93.8,0.16
Antarctica 2013,593-1,B,2013-10-10 07:45,0.016944444,-52.50527778,2548.8,10,28.33902439,,,10,0.2311,33.8523,0.2307,1027.1677,10.83,134.4,93.85,0.122
Antarctica 2013,594-1,B,2013-10-10 11:11,-0.003888889,-52.00722222,2905.8,1000,133.6285714,,,1012,1.7627,34.7204,1.7034,1027.7707,5.98,77.6,96.14,0.067
Antarctica 2013,594-1,B,2013-10-10 11:11,-0.003888889,-52.00722222,2905.8,900,139.005,,,910,1.8431,34.7145,1.79,1027.7594,5.89,76.6,96.14,0.069
Antarctica 2013,594-1,B,2013-10-10 11:11,-0.003888889,-52.00722222,2905.8,700,125.0162791,,,707,1.9585,34.6921,1.9178,1027.7315,5.7,74.4,96.12,0.069
Antarctica 2013,594-1,B,2013-10-10 11:11,-0.003888889,-52.00722222,2905.8,500,129.0428571,,,505,2.0433,34.6154,2.0148,1027.6624,5.43,71,96.02,0.063
Antarctica 2013,594-1,B,2013-10-10 11:11,-0.003888889,-52.00722222,2905.8,400,158.0142857,,,404,2.0533,34.5499,2.0308,1027.6087,5.43,71,95.94,0.067
Antarctica 2013,594-1,B,2013-10-10 11:11,-0.003888889,-52.00722222,2905.8,300,138.285,,,303,1.9456,34.4451,1.9293,1027.5326,5.79,75.5,95.89,0.062
Antarctica 2013,594-1,B,2013-10-10 11:11,-0.003888889,-52.00722222,2905.8,200,128.9195122,,,202,1.7085,34.3025,1.6983,1027.4359,6.69,86.6,95.88,0.068
Antarctica 2013,594-1,B,2013-10-10 11:11,-0.003888889,-52.00722222,2905.8,150,60.59347826,,,151,0.8468,33.8995,0.8404,1027.1705,10.19,128.5,95.02,0.121
Antarctica 2013,594-1,B,2013-10-10 11:11,-0.003888889,-52.00722222,2905.8,100,44.63571429,,,101,0.7171,33.8279,0.713,1027.1207,10.62,133.5,93.86,0.239
Antarctica 2013,594-1,B,2013-10-10 11:11,-0.003888889,-52.00722222,2905.8,80,32.2425,,,81,0.7206,33.8269,0.7173,1027.1196,10.65,133.9,93.44,0.263
Antarctica 2013,594-1,B,2013-10-10 11:11,-0.003888889,-52.00722222,2905.8,40,27.87804878,,,40,0.7886,33.8268,0.787,1027.1153,10.69,134.5,93.03,0.136
Antarctica 2013,594-1,B,2013-10-10 11:11,-0.003888889,-52.00722222,2905.8,10,16.76511628,,,10,0.8708,33.8272,0.8704,1027.1106,10.68,134.7,93.13,0.091
Antarctica 2013,594-1,B,2013-10-10 11:11,-0.003888889,-52.00722222,2905.8,4,18.53571429,,,7,0.8686,33.8265,0.8683,1027.1101,10.67,134.6,93.15,0.098
Antarctica 2013,595-1,B,2013-10-10 14:40,-0.003333333,-51.50194444,2731.9,1000,123.5302326,,,1012,1.8646,34.7279,1.8045,1027.769,6,78.1,96.18,0.069
Antarctica 2013,595-1,B,2013-10-10 14:40,-0.003333333,-51.50194444,2731.9,900,132.497561,,,910,1.9015,34.7159,1.8479,1027.756,5.88,76.6,96.16,0.069
Antarctica 2013,595-1,B,2013-10-10 14:40,-0.003333333,-51.50194444,2731.9,700,118.9840909,,,707,1.9945,34.6776,1.9536,1027.717,5.62,73.4,96.12,0.069
Antarctica 2013,595-1,B,2013-10-10 14:40,-0.003333333,-51.50194444,2731.9,500,147.3365854,,,505,2.0632,34.6082,2.0346,1027.6551,5.42,70.9,96.03,0.066
Antarctica 2013,595-1,B,2013-10-10 14:40,-0.003333333,-51.50194444,2731.9,400,147.0731707,,,404,2.0813,34.5474,2.0587,1027.6044,5.43,71,95.98,0.067
Antarctica 2013,595-1,B,2013-10-10 14:40,-0.003333333,-51.50194444,2731.9,300,147.7674419,,,303,2.0446,34.4679,2.0281,1027.5431,5.67,74.1,95.94,0.069
Antarctica 2013,595-1,B,2013-10-10 14:40,-0.003333333,-51.50194444,2731.9,200,123.3658537,,,202,1.7066,34.264,1.6964,1027.4051,6.99,90.4,95.87,0.069
Antarctica 2013,595-1,B,2013-10-10 14:40,-0.003333333,-51.50194444,2731.9,150,84.20232558,,,151,1.1528,33.9748,1.146,1027.2116,9.85,125.4,95.09,0.115
Antarctica 2013,595-1,B,2013-10-10 14:40,-0.003333333,-51.50194444,2731.9,100,31.56428571,,,101,0.7742,33.8396,0.77,1027.1267,10.62,133.6,93.9,0.244
Antarctica 2013,595-1,B,2013-10-10 14:40,-0.003333333,-51.50194444,2731.9,80,31.69285714,,,81,0.7979,33.8413,0.7946,1027.1266,10.63,133.8,93.77,0.239
Antarctica 2013,595-1,B,2013-10-10 14:40,-0.003333333,-51.50194444,2731.9,40,26.57142857,,,40,1.0377,33.8468,1.036,1027.1158,10.68,135.4,92.91,0.16
Antarctica 2013,595-1,B,2013-10-10 14:40,-0.003333333,-51.50194444,2731.9,10,21.51219512,,,10,1.1539,33.8454,1.1535,1027.1071,10.68,135.8,93.05,0.087
Antarctica 2013,595-1,B,2013-10-10 14:40,-0.003333333,-51.50194444,2731.9,3,20.07209302,,,3,1.1725,33.8461,1.1724,1027.1064,10.67,135.7,93.06,0.089
Antarctica 2013,599-1,B,2013-10-11 07:20,0.015,-49.50472222,4160.1,1000,131.9357143,,,1012,2.3736,34.6559,2.3095,1027.6709,5.48,72.3,96.17,0.069
Antarctica 2013,599-1,B,2013-10-11 07:20,0.015,-49.50472222,4160.1,900,119.2714286,,,910,2.3961,34.6286,2.3391,1027.6466,5.42,71.5,96.15,0.069
Antarctica 2013,599-1,B,2013-10-11 07:20,0.015,-49.50472222,4160.1,700,136.172093,,,707,2.4929,34.5428,2.4493,1027.5686,5.37,71,96.11,0.069
Antarctica 2013,599-1,B,2013-10-11 07:20,0.015,-49.50472222,4160.1,500,148.0395349,,,556,2.4958,34.4545,2.4623,1027.4969,5.57,73.5,96.08,0.069
Antarctica 2013,599-1,B,2013-10-11 07:20,0.015,-49.50472222,4160.1,400,142.7785714,,,404,2.4814,34.3287,2.4577,1027.3966,6.34,83.6,96.03,0.069
Antarctica 2013,599-1,B,2013-10-11 07:20,0.015,-49.50472222,4160.1,300,114.9697674,,,303,2.46,34.2377,2.4426,1027.3251,7.07,93.2,95.99,0.069
Antarctica 2013,599-1,B,2013-10-11 07:20,0.015,-49.50472222,4160.1,200,99.6,,,202,2.2836,34.0881,2.2725,1027.2194,8.33,109.3,95.85,0.069
Antarctica 2013,599-1,B,2013-10-11 07:20,0.015,-49.50472222,4160.1,150,94.47857143,,,151,2.3103,33.8953,2.3021,1027.0627,9.76,127.9,95.37,0.099
Antarctica 2013,599-1,B,2013-10-11 07:20,0.015,-49.50472222,4160.1,100,22.01860465,,,101,2.4692,33.8149,2.4636,1026.9852,10.26,134.9,94.16,0.235
Antarctica 2013,599-1,B,2013-10-11 07:20,0.015,-49.50472222,4160.1,80,27.96585366,,,81,2.5386,33.8189,2.5341,1026.9826,10.26,135.1,93.89,0.254
Antarctica 2013,599-1,B,2013-10-11 07:20,0.015,-49.50472222,4160.1,40,24.69767442,,,40,2.747,33.8218,2.7447,1026.967,10.35,137,92.19,0.374
Antarctica 2013,599-1,B,2013-10-11 07:20,0.015,-49.50472222,4160.1,10,16.05681818,,,10,2.7549,33.8222,2.7543,1026.9665,10.39,137.6,92.11,0.363
Antarctica 2013,599-1,B,2013-10-11 07:20,0.015,-49.50472222,4160.1,5,15.13636364,,,8,2.7608,33.8223,2.7603,1026.9661,10.39,137.6,92.13,0.366
Antarctica 2013,600-1,B,2013-10-11 11:23,0.013611111,-49.00361111,3854.2,1000,136.6425,,,1011,2.5646,34.6377,2.4991,1027.6403,5.51,73,96.15,0.069
Antarctica 2013,600-1,B,2013-10-11 11:23,0.013611111,-49.00361111,3854.2,700,137.5534884,,,707,2.6145,34.4942,2.5703,1027.5195,5.5,72.9,96.12,0.069
Antarctica 2013,600-1,B,2013-10-11 11:23,0.013611111,-49.00361111,3854.2,500,135.0818182,,,505,2.6225,34.3354,2.5919,1027.3906,6.29,83.3,96.1,0.069
Antarctica 2013,600-1,B,2013-10-11 11:23,0.013611111,-49.00361111,3854.2,400,108.9409091,,,404,2.7778,34.2665,2.7532,1027.3216,6.88,91.4,96.1,0.069
Antarctica 2013,600-1,B,2013-10-11 11:23,0.013611111,-49.00361111,3854.2,300,99.02093023,,,303,2.6519,34.1515,2.634,1027.24,7.85,103.9,95.99,0.069
Antarctica 2013,600-1,B,2013-10-11 11:23,0.013611111,-49.00361111,3854.2,200,70.4025,,,202,2.8022,34.0676,2.7902,1027.1594,8.68,115.3,95.85,0.069
Antarctica 2013,600-1,B,2013-10-11 11:23,0.013611111,-49.00361111,3854.2,150,60.80769231,,,151,2.999,33.9187,2.9899,1027.0228,9.66,128.7,95.31,0.099
Antarctica 2013,600-1,B,2013-10-11 11:23,0.013611111,-49.00361111,3854.2,100,31.42,,,101,3.0754,33.8315,3.0693,1026.9461,10.16,135.6,93.92,0.259
Antarctica 2013,600-1,B,2013-10-11 11:23,0.013611111,-49.00361111,3854.2,80,21.94,,,81,3.0919,33.8281,3.087,1026.9418,10.21,136.4,93.29,0.313
Antarctica 2013,600-1,B,2013-10-11 11:23,0.013611111,-49.00361111,3854.2,50,19.56,,,50,3.2856,33.8379,3.2825,1026.9316,10.2,137,92.97,0.313
Antarctica 2013,600-1,B,2013-10-11 11:23,0.013611111,-49.00361111,3854.2,20,15.82325581,,,20,3.3197,33.8403,3.3185,1026.9302,10.19,136.8,92.92,0.253
Antarctica 2013,600-1,B,2013-10-11 11:23,0.013611111,-49.00361111,3854.2,10,14.03571429,,,10,3.3379,33.8416,3.3373,1026.9295,10.23,137.5,92.9,0.18
Antarctica 2013,600-1,B,2013-10-11 11:23,0.013611111,-49.00361111,3854.2,5,10.52142857,,,9,3.3356,33.8416,3.335,1026.9296,10.16,136.6,92.88,0.218
Antarctica 2013,601-1,B,2013-10-11 15:06,0.006666667,-48.51055556,3778.6,1000,122.0860465,,,1011,2.532,34.5796,2.4668,1027.5965,5.39,71.3,96.13,0.069
Antarctica 2013,601-1,B,2013-10-11 15:06,0.006666667,-48.51055556,3778.6,900,135.5142857,,,910,2.5699,34.5417,2.5118,1027.5624,5.41,71.7,96.14,0.069
Antarctica 2013,601-1,B,2013-10-11 15:06,0.006666667,-48.51055556,3778.6,800,119.25,,,808,2.6184,34.4954,2.5672,1027.5207,5.5,72.9,96.12,0.069
Antarctica 2013,601-1,B,2013-10-11 15:06,0.006666667,-48.51055556,3778.6,700,142.1790698,,,707,2.6968,34.417,2.6522,1027.4506,5.81,77.1,96.1,0.069
Antarctica 2013,601-1,B,2013-10-11 15:06,0.006666667,-48.51055556,3778.6,500,112.2545455,,,505,2.7737,34.2863,2.7425,1027.3383,6.68,88.7,96.07,0.069
Antarctica 2013,601-1,B,2013-10-11 15:06,0.006666667,-48.51055556,3778.6,400,93.27272727,,,404,2.7983,34.2045,2.7736,1027.2702,7.4,98.4,96.06,0.069
Antarctica 2013,601-1,B,2013-10-11 15:06,0.006666667,-48.51055556,3778.6,300,86.15454545,,,303,2.7954,34.1073,2.7772,1027.1923,8.34,110.8,95.99,0.069
Antarctica 2013,601-1,B,2013-10-11 15:06,0.006666667,-48.51055556,3778.6,200,74.28292683,,,202,3.3089,34.0775,3.2961,1027.1214,8.75,117.7,95.95,0.069
Antarctica 2013,601-1,B,2013-10-11 15:06,0.006666667,-48.51055556,3778.6,100,,,,101,3.5179,33.8578,3.5115,1026.9258,10.15,137,93.05,0.313
Antarctica 2013,601-1,B,2013-10-11 15:06,0.006666667,-48.51055556,3778.6,80,,,,81,3.5065,33.856,3.5014,1026.9254,10.17,137.3,92.92,0.343
Antarctica 2013,601-1,B,2013-10-11 15:06,0.006666667,-48.51055556,3778.6,40,14.24,,,39,3.5067,33.8558,3.5042,1026.925,10.18,137.3,92.84,0.313
Antarctica 2013,601-1,B,2013-10-11 15:06,0.006666667,-48.51055556,3778.6,10,,,,10,3.5082,33.856,3.5076,1026.9248,10.18,137.4,92.8,0.284
Antarctica 2013,601-1,B,2013-10-11 15:06,0.006666667,-48.51055556,3778.6,4,,,,7,3.5186,33.857,3.5182,1026.9246,10.17,137.3,83.34,0.282
